product_code,customer_code,market_code,order_date,sales_qty,sales_amount,currency,profit_margin,profit,cost_price
Prod001,Cus001,Mark001,2017-10-10,100,41241,INR,0.39,39.78,62.22
Prod001,Cus002,Mark002,2018-05-08,3,-1,INR,-0.12,-12.24,114.24
Prod002,Cus003,Mark003,2018-04-06,1,875,INR,0.29,29.58,72.42
Prod002,Cus003,Mark003,2018-04-11,1,583,INR,0.36,36.72,65.28
Prod002,Cus004,Mark003,2018-06-18,6,7176,INR,-0.35,-35.7,137.7
Prod003,Cus005,Mark004,2017-11-20,59,500,USD,0.26,26.52,75.48
Prod003,Cus005,Mark004,2017-11-22,36,250,USD,-0.35,-35.7,137.7
Prod003,Cus005,Mark004,2017-11-23,39,21412,INR,-0.35,-35.7,137.7
Prod003,Cus005,Mark004,2017-11-27,35,19213,INR,0.34,34.68,67.32
Prod003,Cus005,Mark004,2017-11-28,310,170185,INR,-0.06,-6.12,108.12
Prod003,Cus005,Mark004,2017-11-29,184,101194,INR,0.28,28.56,73.44
Prod003,Cus005,Mark004,2017-11-30,35,19213,INR,0.21,21.42,80.58
Prod004,Cus005,Mark004,2017-11-29,17,9426,INR,0.19,19.38,82.62
Prod004,Cus005,Mark004,2017-12-19,1,218,INR,-0.18,-18.36,120.36
Prod005,Cus005,Mark004,2018-08-07,5,3093,INR,-0.33,-33.66,135.66
Prod003,Cus006,Mark004,2017-12-04,58,30306,INR,-0.27,-27.54,129.54
Prod005,Cus006,Mark004,2018-06-29,38,52319,INR,-0.33,-33.66,135.66
Prod005,Cus006,Mark004,2018-07-02,93,126296,INR,-0.33,-33.66,135.66
Prod005,Cus006,Mark004,2018-07-03,79,107500,INR,0.18,18.36,83.64
Prod005,Cus006,Mark004,2018-07-04,1,273,INR,0.34,34.68,67.32
Prod005,Cus006,Mark004,2018-07-06,3,3574,INR,-0.09,-9.18,111.18
Prod005,Cus006,Mark004,2018-07-13,1,273,INR,0.13,13.26,88.74
Prod005,Cus006,Mark004,2019-06-07,20,23403,INR,0.38,38.76,63.24
Prod005,Cus006,Mark004,2019-07-29,81,76329,INR,0.29,29.58,72.42
Prod005,Cus006,Mark004,2019-08-01,5,4542,INR,-0.24,-24.48,126.48
Prod005,Cus006,Mark004,2019-09-19,18,16579,INR,-0.01,-1.02,103.02
Prod005,Cus006,Mark004,2019-09-27,90,105301,INR,0.33,33.66,68.34
Prod004,Cus007,Mark004,2017-10-09,1,185,INR,0.34,34.68,67.32
Prod004,Cus007,Mark004,2017-10-13,1,556,INR,-0.1,-10.2,112.2
Prod004,Cus007,Mark004,2017-10-27,1,551,INR,0.27,27.54,74.46
Prod004,Cus007,Mark004,2017-11-03,1,167,INR,0.25,25.5,76.5
Prod004,Cus007,Mark004,2017-11-06,1,333,INR,-0.12,-12.24,114.24
Prod004,Cus007,Mark004,2017-11-10,1,500,INR,-0.33,-33.66,135.66
Prod004,Cus007,Mark004,2017-11-16,1,333,INR,0.26,26.52,75.48
Prod004,Cus007,Mark004,2017-11-17,1,333,INR,-0.32,-32.64,134.64
Prod004,Cus007,Mark004,2017-11-27,1,500,INR,0.33,33.66,68.34
Prod004,Cus007,Mark004,2017-12-04,1,833,INR,0.08,8.16,93.84
Prod004,Cus007,Mark004,2017-12-08,1,167,INR,0.01,1.02,100.98
Prod004,Cus007,Mark004,2017-12-11,1,833,INR,-0.01,-1.02,103.02
Prod004,Cus007,Mark004,2017-12-18,1,1000,INR,0.15,15.3,86.7
Prod004,Cus007,Mark004,2017-12-27,2,1833,INR,0.14,14.28,87.72
Prod004,Cus007,Mark004,2017-12-28,1,167,INR,-0.22,-22.44,124.44
Prod004,Cus007,Mark004,2018-01-05,1,167,INR,0.08,8.16,93.84
Prod004,Cus007,Mark004,2018-01-08,1,833,INR,-0.05,-5.1,107.1
Prod004,Cus007,Mark004,2018-01-22,1,167,INR,0.35,35.7,66.3
Prod004,Cus007,Mark004,2018-02-21,26,10657,INR,0.24,24.48,77.52
Prod004,Cus007,Mark004,2018-02-23,1,167,INR,-0.14,-14.28,116.28
Prod005,Cus007,Mark004,2018-08-03,1,157,INR,0.01,1.02,100.98
Prod005,Cus007,Mark004,2018-08-24,1,315,INR,0.15,15.3,86.7
Prod005,Cus007,Mark004,2018-09-21,1,630,INR,0.1,10.2,91.8
Prod005,Cus007,Mark004,2018-09-28,1,315,INR,-0.25,-25.5,127.5
Prod005,Cus007,Mark004,2018-11-09,1,157,INR,-0.25,-25.5,127.5
Prod005,Cus007,Mark004,2018-11-16,1,472,INR,-0.17,-17.34,119.34
Prod005,Cus007,Mark004,2018-12-07,1,157,INR,0.1,10.2,91.8
Prod005,Cus007,Mark004,2018-12-14,1,157,INR,0.33,33.66,68.34
Prod005,Cus007,Mark004,2019-01-25,1,315,INR,-0.1,-10.2,112.2
Prod005,Cus007,Mark004,2019-02-01,1,157,INR,-0.19,-19.38,121.38
Prod005,Cus007,Mark004,2019-02-08,1,472,INR,-0.21,-21.42,123.42
Prod005,Cus007,Mark004,2019-02-15,1,472,INR,-0.3,-30.6,132.6
Prod005,Cus007,Mark004,2019-02-22,1,315,INR,0.37,37.74,64.26
Prod005,Cus007,Mark004,2019-03-01,1,472,INR,-0.09,-9.18,111.18
Prod005,Cus007,Mark004,2019-03-08,1,315,INR,-0.07,-7.14,109.14
Prod005,Cus007,Mark004,2019-03-15,1,157,INR,-0.05,-5.1,107.1
Prod005,Cus007,Mark004,2019-03-22,1,315,INR,0.17,17.34,84.66
Prod005,Cus007,Mark004,2019-03-29,1,315,INR,0.27,27.54,74.46
Prod005,Cus007,Mark004,2019-04-05,1,315,INR,0.14,14.28,87.72
Prod005,Cus007,Mark004,2019-04-12,1,787,INR,0.18,18.36,83.64
Prod005,Cus007,Mark004,2019-04-23,1,630,INR,-0.31,-31.62,133.62
Prod005,Cus007,Mark004,2019-04-29,1,472,INR,0.23,23.46,78.54
Prod005,Cus007,Mark004,2019-05-06,1,315,INR,0.09,9.18,92.82
Prod005,Cus007,Mark004,2019-05-10,1,787,INR,-0.24,-24.48,126.48
Prod005,Cus007,Mark004,2019-05-17,1,1102,INR,0.16,16.32,85.68
Prod005,Cus007,Mark004,2019-06-03,1,787,INR,0.15,15.3,86.7
Prod005,Cus007,Mark004,2019-06-07,1,157,INR,0.26,26.52,75.48
Prod005,Cus007,Mark004,2019-06-17,1,315,INR,-0.24,-24.48,126.48
Prod005,Cus007,Mark004,2019-06-24,1,315,INR,0.35,35.7,66.3
Prod005,Cus007,Mark004,2019-06-28,1,315,INR,0.13,13.26,88.74
Prod005,Cus007,Mark004,2019-07-05,1,472,INR,0.22,22.44,79.56
Prod005,Cus007,Mark004,2019-07-12,1,630,INR,0.38,38.76,63.24
Prod005,Cus007,Mark004,2019-07-19,1,944,INR,0.26,26.52,75.48
Prod005,Cus007,Mark004,2019-07-26,2,1417,INR,-0.31,-31.62,133.62
Prod005,Cus007,Mark004,2019-08-02,2,1417,INR,0.14,14.28,87.72
Prod005,Cus007,Mark004,2019-08-09,1,787,INR,0.34,34.68,67.32
Prod005,Cus007,Mark004,2019-08-16,1,1259,INR,-0.16,-16.32,118.32
Prod005,Cus007,Mark004,2019-09-02,2,1574,INR,0.02,2.04,99.96
Prod005,Cus007,Mark004,2019-09-03,1,630,INR,-0.1,-10.2,112.2
Prod005,Cus007,Mark004,2019-09-06,1,157,INR,0.4,40.8,61.2
Prod005,Cus007,Mark004,2019-09-13,2,1417,INR,-0.2,-20.4,122.4
Prod005,Cus007,Mark004,2019-09-20,1,630,INR,-0.18,-18.36,120.36
Prod005,Cus007,Mark004,2019-09-23,200,66111,INR,-0.04,-4.08,106.08
Prod005,Cus007,Mark004,2019-09-27,2,1884,INR,-0.1,-10.2,112.2
Prod005,Cus007,Mark004,2019-10-07,1,944,INR,0.1,10.2,91.8
Prod005,Cus007,Mark004,2019-10-28,7,2574,INR,0.08,8.16,93.84
Prod005,Cus007,Mark004,2019-11-08,1,630,INR,-0.11,-11.22,113.22
Prod005,Cus007,Mark004,2019-11-15,1,472,INR,0.15,15.3,86.7
Prod005,Cus007,Mark004,2019-11-22,1,944,INR,0.37,37.74,64.26
Prod005,Cus007,Mark004,2019-11-29,2,1417,INR,0.35,35.7,66.3
Prod005,Cus007,Mark004,2019-12-06,1,1259,INR,-0.05,-5.1,107.1
Prod005,Cus007,Mark004,2019-12-13,4,3773,INR,0.09,9.18,92.82
Prod005,Cus007,Mark004,2019-12-20,1,315,INR,0.14,14.28,87.72
Prod005,Cus007,Mark004,2020-01-09,1,630,INR,0,0,102
Prod005,Cus007,Mark004,2020-01-10,1,472,INR,0.02,2.04,99.96
Prod005,Cus007,Mark004,2020-01-17,2,2042,INR,-0.04,-4.08,106.08
Prod005,Cus007,Mark004,2020-02-07,1,417,INR,0.18,18.36,83.64
Prod005,Cus007,Mark004,2020-02-14,1,310,INR,-0.34,-34.68,136.68
Prod005,Cus007,Mark004,2020-02-28,1,208,INR,-0.07,-7.14,109.14
Prod005,Cus007,Mark004,2020-03-06,1,620,INR,-0.27,-27.54,129.54
Prod005,Cus007,Mark004,2020-03-13,1,620,INR,-0.3,-30.6,132.6
Prod005,Cus007,Mark004,2020-04-03,1,829,INR,-0.09,-9.18,111.18
Prod005,Cus007,Mark004,2020-04-14,4,2694,INR,-0.35,-35.7,137.7
Prod005,Cus007,Mark004,2020-04-20,1,102,INR,-0.28,-28.56,130.56
Prod005,Cus007,Mark004,2020-05-15,2,528,INR,-0.14,-14.28,116.28
Prod006,Cus005,Mark004,2017-10-24,1,380,INR,-0.28,-28.56,130.56
Prod006,Cus007,Mark004,2017-10-25,1,560,INR,0.19,19.38,82.62
Prod006,Cus007,Mark004,2017-10-30,1,560,INR,-0.18,-18.36,120.36
Prod006,Cus007,Mark004,2017-11-27,1,1116,INR,0.31,31.62,70.38
Prod006,Cus008,Mark005,2017-12-11,1,657,INR,0.05,5.1,96.9
Prod006,Cus007,Mark004,2017-12-12,1,560,INR,0.16,16.32,85.68
Prod006,Cus008,Mark005,2017-12-19,1,657,INR,-0.15,-15.3,117.3
Prod006,Cus007,Mark004,2018-02-12,1,560,INR,0.15,15.3,86.7
Prod007,Cus007,Mark004,2018-10-19,11,6218,INR,-0.31,-31.62,133.62
Prod008,Cus007,Mark004,2017-11-20,7,2426,INR,-0.1,-10.2,112.2
Prod008,Cus007,Mark004,2017-11-24,33,15278,INR,-0.1,-10.2,112.2
Prod009,Cus009,Mark002,2018-11-14,3,3032,INR,0.32,32.64,69.36
Prod009,Cus010,Mark003,2019-05-22,2,3194,INR,0.06,6.12,95.88
Prod009,Cus010,Mark003,2019-05-23,1,912,INR,0.31,31.62,70.38
Prod009,Cus010,Mark003,2019-05-28,1,1824,INR,-0.1,-10.2,112.2
Prod009,Cus010,Mark003,2019-05-29,1,458,INR,0.33,33.66,68.34
Prod009,Cus003,Mark003,2019-05-31,3,4444,INR,0.14,14.28,87.72
Prod009,Cus010,Mark003,2019-06-03,1,458,INR,-0.07,-7.14,109.14
Prod009,Cus010,Mark003,2019-06-04,1,458,INR,0,0,102
Prod009,Cus010,Mark003,2019-06-05,1,1824,INR,0.21,21.42,80.58
Prod009,Cus003,Mark003,2019-06-05,2,2667,INR,0.39,39.78,62.22
Prod009,Cus010,Mark003,2019-06-06,14,19171,INR,-0.03,-3.06,105.06
Prod009,Cus010,Mark003,2019-06-07,1,458,INR,-0.14,-14.28,116.28
Prod009,Cus010,Mark003,2019-06-11,1,458,INR,-0.09,-9.18,111.18
Prod009,Cus010,Mark003,2019-06-12,1,458,INR,-0.15,-15.3,117.3
Prod009,Cus010,Mark003,2019-06-14,1,1370,INR,-0.23,-23.46,125.46
Prod009,Cus003,Mark003,2019-06-14,2,2667,INR,-0.07,-7.14,109.14
Prod009,Cus003,Mark003,2019-06-17,1,1333,INR,-0.28,-28.56,130.56
Prod009,Cus011,Mark003,2019-06-18,1,597,INR,0.08,8.16,93.84
Prod009,Cus003,Mark003,2019-06-18,7,8889,INR,0.04,4.08,97.92
Prod009,Cus003,Mark003,2019-06-19,1,1778,INR,-0.26,-26.52,128.52
Prod009,Cus010,Mark003,2019-06-28,7,9130,INR,0.06,6.12,95.88
Prod010,Cus011,Mark003,2018-04-23,1,602,INR,-0.13,-13.26,115.26
Prod010,Cus012,Mark003,2018-05-03,2,3227,INR,-0.31,-31.62,133.62
Prod010,Cus003,Mark003,2018-05-04,1,449,INR,-0.19,-19.38,121.38
Prod010,Cus003,Mark003,2018-05-07,1,449,INR,0.36,36.72,65.28
Prod010,Cus003,Mark003,2018-05-09,1,449,INR,-0.11,-11.22,113.22
Prod010,Cus003,Mark003,2018-05-11,1,449,INR,0.07,7.14,94.86
Prod010,Cus013,Mark003,2018-05-11,7,9880,INR,0.06,6.12,95.88
Prod010,Cus011,Mark003,2018-05-16,1,301,INR,0.1,10.2,91.8
Prod010,Cus014,Mark003,2018-05-16,6,7954,INR,-0.12,-12.24,114.24
Prod010,Cus012,Mark003,2018-05-17,1,2153,INR,0.36,36.72,65.28
Prod010,Cus014,Mark003,2018-05-17,4,5306,INR,-0.29,-29.58,131.58
Prod010,Cus003,Mark003,2018-05-18,1,1801,INR,-0.3,-30.6,132.6
Prod010,Cus003,Mark003,2018-05-23,2,2699,INR,0.1,10.2,91.8
Prod010,Cus012,Mark003,2018-05-24,1,1616,INR,-0.05,-5.1,107.1
Prod010,Cus003,Mark003,2018-05-25,2,2245,INR,0.37,37.74,64.26
Prod010,Cus015,Mark006,2018-05-26,1,0,INR,-0.04,-4.08,106.08
Prod010,Cus003,Mark003,2018-05-28,1,903,INR,0.09,9.18,92.82
Prod010,Cus014,Mark003,2018-05-29,4,5306,INR,0.09,9.18,92.82
Prod010,Cus010,Mark003,2018-05-30,3,3778,INR,0.28,28.56,73.44
Prod010,Cus012,Mark003,2018-05-31,1,537,INR,0.21,21.42,80.58
Prod010,Cus010,Mark003,2018-05-31,1,1417,INR,-0.05,-5.1,107.1
Prod010,Cus014,Mark003,2018-05-31,4,5306,INR,0.01,1.02,100.98
Prod010,Cus010,Mark003,2018-06-01,1,472,INR,-0.02,-2.04,104.04
Prod010,Cus003,Mark003,2018-06-01,3,4051,INR,-0.22,-22.44,124.44
Prod010,Cus013,Mark003,2018-06-01,10,14815,INR,0.08,8.16,93.84
Prod010,Cus003,Mark003,2018-06-06,3,4495,INR,-0.19,-19.38,121.38
Prod010,Cus012,Mark003,2018-06-07,2,2690,INR,-0.08,-8.16,110.16
Prod010,Cus010,Mark003,2018-06-07,1,1417,INR,0.01,1.02,100.98
Prod010,Cus003,Mark003,2018-06-08,1,449,INR,0.2,20.4,81.6
Prod010,Cus014,Mark003,2018-06-08,18,23866,INR,0.37,37.74,64.26
Prod010,Cus003,Mark003,2018-06-11,1,898,INR,-0.26,-26.52,128.52
Prod010,Cus013,Mark003,2018-06-11,3,4940,INR,0.11,11.22,90.78
Prod010,Cus003,Mark003,2018-06-13,1,449,INR,0.23,23.46,78.54
Prod010,Cus012,Mark003,2018-06-14,1,2153,INR,0.37,37.74,64.26
Prod010,Cus010,Mark003,2018-06-14,1,472,INR,-0.25,-25.5,127.5
Prod010,Cus003,Mark003,2018-06-14,1,449,INR,0.4,40.8,61.2
Prod010,Cus014,Mark003,2018-06-14,4,5306,INR,-0.32,-32.64,134.64
Prod010,Cus003,Mark003,2018-06-15,3,3602,INR,0.04,4.08,97.92
Prod010,Cus011,Mark003,2018-06-18,4,3583,INR,-0.01,-1.02,103.02
Prod010,Cus003,Mark003,2018-06-18,4,4954,INR,-0.28,-28.56,130.56
Prod010,Cus010,Mark003,2018-06-21,1,1889,INR,0.05,5.1,96.9
Prod010,Cus010,Mark003,2018-07-18,1,472,INR,0.33,33.66,68.34
Prod010,Cus003,Mark003,2018-07-18,1,1352,INR,0.21,21.42,80.58
Prod010,Cus012,Mark003,2018-07-19,1,1616,INR,0.39,39.78,62.22
Prod010,Cus003,Mark003,2018-07-19,1,449,INR,-0.28,-28.56,130.56
Prod010,Cus003,Mark003,2018-07-23,1,1801,INR,-0.33,-33.66,135.66
Prod010,Cus003,Mark003,2018-07-30,1,1801,INR,-0.19,-19.38,121.38
Prod010,Cus003,Mark003,2019-01-25,1,449,INR,-0.21,-21.42,123.42
Prod010,Cus003,Mark003,2019-02-04,1,449,INR,0.16,16.32,85.68
Prod010,Cus003,Mark003,2019-02-20,1,449,INR,0.15,15.3,86.7
Prod010,Cus003,Mark003,2019-03-13,1,444,INR,0.12,12.24,89.76
Prod010,Cus003,Mark003,2019-03-28,1,444,INR,-0.04,-4.08,106.08
Prod010,Cus003,Mark003,2019-04-30,1,0,INR,-0.26,-26.52,128.52
Prod011,Cus016,Mark002,2017-10-06,1,505,INR,-0.23,-23.46,125.46
Prod011,Cus016,Mark002,2017-10-13,1,1514,INR,0.16,16.32,85.68
Prod011,Cus016,Mark002,2017-10-20,1,2023,INR,-0.09,-9.18,111.18
Prod011,Cus016,Mark002,2017-10-27,25,37889,INR,-0.02,-2.04,104.04
Prod011,Cus016,Mark002,2018-02-08,1,593,INR,0.22,22.44,79.56
Prod011,Cus007,Mark004,2018-02-16,1,597,INR,-0.14,-14.28,116.28
Prod011,Cus007,Mark004,2018-02-26,1,2389,INR,0.27,27.54,74.46
Prod011,Cus016,Mark002,2018-03-01,1,593,INR,-0.35,-35.7,137.7
Prod011,Cus007,Mark004,2018-03-02,1,1194,INR,-0.1,-10.2,112.2
Prod011,Cus007,Mark004,2018-03-05,8,13736,INR,0.02,2.04,99.96
Prod011,Cus007,Mark004,2018-03-12,1,1194,INR,0.02,2.04,99.96
Prod011,Cus007,Mark004,2018-04-03,1,597,INR,0.31,31.62,70.38
Prod011,Cus007,Mark004,2018-04-09,1,597,INR,-0.01,-1.02,103.02
Prod011,Cus007,Mark004,2018-04-13,1,597,INR,0.37,37.74,64.26
Prod011,Cus017,Mark007,2018-04-24,17,17472,INR,-0.22,-22.44,124.44
Prod011,Cus007,Mark004,2018-04-26,2,2986,INR,-0.13,-13.26,115.26
Prod011,Cus007,Mark004,2018-04-27,2,2986,INR,-0.08,-8.16,110.16
Prod011,Cus007,Mark004,2018-05-07,1,597,INR,-0.01,-1.02,103.02
Prod011,Cus007,Mark004,2018-05-14,1,1194,INR,-0.11,-11.22,113.22
Prod011,Cus007,Mark004,2018-05-18,1,796,INR,0.08,8.16,93.84
Prod011,Cus017,Mark007,2018-05-31,26,26722,INR,0.02,2.04,99.96
Prod011,Cus007,Mark004,2018-06-11,1,796,INR,0.4,40.8,61.2
Prod011,Cus007,Mark004,2018-06-13,1,796,INR,-0.11,-11.22,113.22
Prod011,Cus007,Mark004,2018-06-14,1,3185,INR,-0.06,-6.12,108.12
Prod011,Cus007,Mark004,2018-06-18,1,796,INR,0.18,18.36,83.64
Prod011,Cus007,Mark004,2018-06-22,1,2389,INR,-0.03,-3.06,105.06
Prod011,Cus007,Mark004,2018-06-29,1,3185,INR,0.13,13.26,88.74
Prod011,Cus007,Mark004,2018-07-09,2,5574,INR,-0.19,-19.38,121.38
Prod011,Cus007,Mark004,2018-07-13,1,796,INR,0.27,27.54,74.46
Prod011,Cus007,Mark004,2018-07-20,1,796,INR,0.01,1.02,100.98
Prod011,Cus007,Mark004,2018-07-27,1,796,INR,-0.04,-4.08,106.08
Prod011,Cus007,Mark004,2018-08-03,1,1593,INR,0.39,39.78,62.22
Prod011,Cus016,Mark002,2018-10-12,1,514,INR,0.39,39.78,62.22
Prod011,Cus007,Mark004,2018-10-17,1,4759,INR,0.32,32.64,69.36
Prod011,Cus007,Mark004,2018-10-25,1,1190,INR,0.17,17.34,84.66
Prod011,Cus007,Mark004,2018-10-26,1,1190,INR,-0.24,-24.48,126.48
Prod011,Cus016,Mark002,2018-10-31,3,4106,INR,-0.28,-28.56,130.56
Prod011,Cus007,Mark004,2018-11-05,2,5949,INR,0.22,22.44,79.56
Prod011,Cus007,Mark004,2018-11-06,2,5949,INR,0.29,29.58,72.42
Prod011,Cus016,Mark002,2018-12-07,1,514,INR,0.04,4.08,97.92
Prod011,Cus016,Mark002,2018-12-14,1,514,INR,0.39,39.78,62.22
Prod011,Cus016,Mark002,2018-12-21,1,514,INR,0.14,14.28,87.72
Prod011,Cus018,Mark002,2018-12-28,1,0,INR,0.3,30.6,71.4
Prod011,Cus016,Mark002,2019-01-28,1,514,INR,-0.27,-27.54,129.54
Prod011,Cus016,Mark002,2019-02-01,1,514,INR,0.15,15.3,86.7
Prod011,Cus016,Mark002,2019-02-08,1,1028,INR,0.32,32.64,69.36
Prod011,Cus016,Mark002,2019-02-15,1,2056,INR,0.22,22.44,79.56
Prod011,Cus007,Mark004,2019-02-22,1,796,INR,0.31,31.62,70.38
Prod011,Cus016,Mark002,2019-02-22,1,1542,INR,0.35,35.7,66.3
Prod011,Cus016,Mark002,2019-03-01,1,514,INR,-0.09,-9.18,111.18
Prod011,Cus016,Mark002,2019-03-08,1,1028,INR,-0.06,-6.12,108.12
Prod011,Cus007,Mark004,2019-04-12,1,796,INR,0.25,25.5,76.5
Prod011,Cus007,Mark004,2019-06-03,1,796,INR,0.26,26.52,75.48
Prod011,Cus007,Mark004,2019-06-17,1,1593,INR,-0.31,-31.62,133.62
Prod011,Cus007,Mark004,2019-06-24,1,796,INR,-0.26,-26.52,128.52
Prod011,Cus011,Mark003,2019-07-15,1,611,INR,0.12,12.24,89.76
Prod011,Cus016,Mark002,2019-08-16,1,1028,INR,0.34,34.68,67.32
Prod011,Cus016,Mark002,2019-09-27,1,514,INR,-0.31,-31.62,133.62
Prod011,Cus016,Mark002,2019-10-04,1,514,INR,0.18,18.36,83.64
Prod011,Cus016,Mark002,2019-10-18,1,514,INR,0.29,29.58,72.42
Prod011,Cus007,Mark004,2019-10-21,1,796,INR,0.15,15.3,86.7
Prod011,Cus007,Mark004,2019-10-25,1,796,INR,0.39,39.78,62.22
Prod011,Cus016,Mark002,2019-11-01,1,514,INR,0.23,23.46,78.54
Prod011,Cus007,Mark004,2019-11-04,1,796,INR,-0.34,-34.68,136.68
Prod011,Cus007,Mark004,2019-11-08,1,1593,INR,0.29,29.58,72.42
Prod011,Cus016,Mark002,2019-11-08,1,514,INR,0.11,11.22,90.78
Prod011,Cus007,Mark004,2019-11-15,1,3185,INR,0.26,26.52,75.48
Prod011,Cus016,Mark002,2019-11-15,1,514,INR,0.2,20.4,81.6
Prod011,Cus016,Mark002,2019-11-18,1,514,INR,0.17,17.34,84.66
Prod011,Cus007,Mark004,2019-12-06,2,4778,INR,0,0,102
Prod011,Cus016,Mark002,2019-12-06,1,514,INR,0.13,13.26,88.74
Prod011,Cus007,Mark004,2019-12-13,4,10352,INR,-0.34,-34.68,136.68
Prod011,Cus007,Mark004,2019-12-20,1,796,INR,0.22,22.44,79.56
Prod011,Cus016,Mark002,2020-06-12,1,1028,INR,0.37,37.74,64.26
Prod011,Cus016,Mark002,2020-06-16,1,514,INR,0.16,16.32,85.68
Prod012,Cus019,Mark002,2018-06-05,33,29648,INR,0.08,8.16,93.84
Prod013,Cus001,Mark001,2017-10-10,240,143560,INR,-0.28,-28.56,130.56
Prod013,Cus005,Mark004,2017-10-11,7,6204,INR,-0.11,-11.22,113.22
Prod013,Cus007,Mark004,2017-10-16,1,495,INR,0.37,37.74,64.26
Prod013,Cus006,Mark004,2017-10-23,20,25130,INR,0.12,12.24,89.76
Prod013,Cus007,Mark004,2017-10-25,1,986,INR,0.39,39.78,62.22
Prod013,Cus020,Mark004,2017-11-02,13,23898,INR,0.19,19.38,82.62
Prod013,Cus005,Mark004,2017-11-03,1,296,INR,0.02,2.04,99.96
Prod013,Cus006,Mark004,2017-11-08,1,356,INR,0.36,36.72,65.28
Prod001,Cus001,Mark001,2017-10-10,100,41241,INR ,-0.06,-6.12,108.12
Prod001,Cus002,Mark002,2018-05-08,3,-1,INR ,0.27,27.54,74.46
Prod002,Cus003,Mark003,2018-04-06,1,875,INR ,0.15,15.3,86.7
Prod002,Cus003,Mark003,2018-04-11,1,583,INR ,0.28,28.56,73.44
Prod002,Cus004,Mark003,2018-06-18,6,7176,INR ,0.25,25.5,76.5
Prod003,Cus005,Mark004,2017-11-20,59,500,USD ,-0.28,-28.56,130.56
Prod003,Cus005,Mark004,2017-11-22,36,250,USD ,-0.19,-19.38,121.38
Prod003,Cus005,Mark004,2017-11-23,39,21412,INR ,0.38,38.76,63.24
Prod003,Cus005,Mark004,2017-11-27,35,19213,INR ,-0.25,-25.5,127.5
Prod003,Cus005,Mark004,2017-11-28,310,170185,INR ,0.11,11.22,90.78
Prod003,Cus005,Mark004,2017-11-29,184,101194,INR ,0.15,15.3,86.7
Prod003,Cus005,Mark004,2017-11-30,35,19213,INR ,-0.01,-1.02,103.02
Prod004,Cus005,Mark004,2017-11-29,17,9426,INR ,0.08,8.16,93.84
Prod004,Cus005,Mark004,2017-12-19,1,218,INR ,-0.06,-6.12,108.12
Prod005,Cus005,Mark004,2018-08-07,5,3093,INR ,-0.22,-22.44,124.44
Prod003,Cus006,Mark004,2017-12-04,58,30306,INR ,0.12,12.24,89.76
Prod005,Cus006,Mark004,2018-06-29,38,52319,INR ,0.05,5.1,96.9
Prod005,Cus006,Mark004,2018-07-02,93,126296,INR ,-0.06,-6.12,108.12
Prod005,Cus006,Mark004,2018-07-03,79,107500,INR ,-0.34,-34.68,136.68
Prod005,Cus006,Mark004,2018-07-04,1,273,INR ,-0.09,-9.18,111.18
Prod005,Cus006,Mark004,2018-07-06,3,3574,INR ,0.03,3.06,98.94
Prod005,Cus006,Mark004,2018-07-13,1,273,INR ,-0.05,-5.1,107.1
Prod005,Cus006,Mark004,2019-06-07,20,23403,INR ,-0.22,-22.44,124.44
Prod005,Cus006,Mark004,2019-07-29,81,76329,INR ,0.19,19.38,82.62
Prod005,Cus006,Mark004,2019-08-01,5,4542,INR ,0.37,37.74,64.26
Prod005,Cus006,Mark004,2019-09-19,18,16579,INR ,0.1,10.2,91.8
Prod005,Cus006,Mark004,2019-09-27,90,105301,INR ,-0.31,-31.62,133.62
Prod004,Cus007,Mark004,2017-10-09,1,185,INR ,-0.33,-33.66,135.66
Prod004,Cus007,Mark004,2017-10-13,1,556,INR ,-0.09,-9.18,111.18
Prod004,Cus007,Mark004,2017-10-27,1,551,INR ,-0.29,-29.58,131.58
Prod004,Cus007,Mark004,2017-11-03,1,167,INR ,0.17,17.34,84.66
Prod004,Cus007,Mark004,2017-11-06,1,333,INR ,-0.19,-19.38,121.38
Prod004,Cus007,Mark004,2017-11-10,1,500,INR ,0.17,17.34,84.66
Prod004,Cus007,Mark004,2017-11-16,1,333,INR ,-0.13,-13.26,115.26
Prod004,Cus007,Mark004,2017-11-17,1,333,INR ,-0.18,-18.36,120.36
Prod004,Cus007,Mark004,2017-11-27,1,500,INR ,-0.16,-16.32,118.32
Prod004,Cus007,Mark004,2017-12-04,1,833,INR ,-0.13,-13.26,115.26
Prod004,Cus007,Mark004,2017-12-08,1,167,INR ,0,0,102
Prod004,Cus007,Mark004,2017-12-11,1,833,INR ,-0.33,-33.66,135.66
Prod004,Cus007,Mark004,2017-12-18,1,1000,INR ,0.2,20.4,81.6
Prod004,Cus007,Mark004,2017-12-27,2,1833,INR ,0.1,10.2,91.8
Prod004,Cus007,Mark004,2017-12-28,1,167,INR ,0.25,25.5,76.5
Prod004,Cus007,Mark004,2018-01-05,1,167,INR ,0.19,19.38,82.62
Prod004,Cus007,Mark004,2018-01-08,1,833,INR ,0.24,24.48,77.52
Prod004,Cus007,Mark004,2018-01-22,1,167,INR ,0.31,31.62,70.38
Prod004,Cus007,Mark004,2018-02-21,26,10657,INR ,0.03,3.06,98.94
Prod004,Cus007,Mark004,2018-02-23,1,167,INR ,-0.05,-5.1,107.1
Prod005,Cus007,Mark004,2018-08-03,1,157,INR ,-0.3,-30.6,132.6
Prod005,Cus007,Mark004,2018-08-24,1,315,INR ,-0.24,-24.48,126.48
Prod005,Cus007,Mark004,2018-09-21,1,630,INR ,0.01,1.02,100.98
Prod005,Cus007,Mark004,2018-09-28,1,315,INR ,-0.31,-31.62,133.62
Prod005,Cus007,Mark004,2018-11-09,1,157,INR ,0.25,25.5,76.5
Prod005,Cus007,Mark004,2018-11-16,1,472,INR ,-0.07,-7.14,109.14
Prod005,Cus007,Mark004,2018-12-07,1,157,INR ,0.31,31.62,70.38
Prod005,Cus007,Mark004,2018-12-14,1,157,INR ,-0.27,-27.54,129.54
Prod005,Cus007,Mark004,2019-01-25,1,315,INR ,-0.17,-17.34,119.34
Prod005,Cus007,Mark004,2019-02-01,1,157,INR ,-0.1,-10.2,112.2
Prod005,Cus007,Mark004,2019-02-08,1,472,INR ,0.12,12.24,89.76
Prod005,Cus007,Mark004,2019-02-15,1,472,INR ,-0.28,-28.56,130.56
Prod005,Cus007,Mark004,2019-02-22,1,315,INR ,-0.14,-14.28,116.28
Prod005,Cus007,Mark004,2019-03-01,1,472,INR ,-0.16,-16.32,118.32
Prod005,Cus007,Mark004,2019-03-08,1,315,INR ,0.02,2.04,99.96
Prod005,Cus007,Mark004,2019-03-15,1,157,INR ,-0.34,-34.68,136.68
Prod005,Cus007,Mark004,2019-03-22,1,315,INR ,0.02,2.04,99.96
Prod005,Cus007,Mark004,2019-03-29,1,315,INR ,0.1,10.2,91.8
Prod005,Cus007,Mark004,2019-04-05,1,315,INR ,0.17,17.34,84.66
Prod005,Cus007,Mark004,2019-04-12,1,787,INR ,0,0,102
Prod005,Cus007,Mark004,2019-04-23,1,630,INR ,-0.08,-8.16,110.16
Prod005,Cus007,Mark004,2019-04-29,1,472,INR ,0.4,40.8,61.2
Prod005,Cus007,Mark004,2019-05-06,1,315,INR ,0.32,32.64,69.36
Prod005,Cus007,Mark004,2019-05-10,1,787,INR ,0.27,27.54,74.46
Prod005,Cus007,Mark004,2019-05-17,1,1102,INR ,0.18,18.36,83.64
Prod005,Cus007,Mark004,2019-06-03,1,787,INR ,0.33,33.66,68.34
Prod005,Cus007,Mark004,2019-06-07,1,157,INR ,0.15,15.3,86.7
Prod005,Cus007,Mark004,2019-06-17,1,315,INR ,0.4,40.8,61.2
Prod005,Cus007,Mark004,2019-06-24,1,315,INR ,-0.27,-27.54,129.54
Prod005,Cus007,Mark004,2019-06-28,1,315,INR ,0.32,32.64,69.36
Prod005,Cus007,Mark004,2019-07-05,1,472,INR ,0.26,26.52,75.48
Prod005,Cus007,Mark004,2019-07-12,1,630,INR ,0.06,6.12,95.88
Prod005,Cus007,Mark004,2019-07-19,1,944,INR ,-0.1,-10.2,112.2
Prod005,Cus007,Mark004,2019-07-26,2,1417,INR ,0.25,25.5,76.5
Prod005,Cus007,Mark004,2019-08-02,2,1417,INR ,-0.16,-16.32,118.32
Prod005,Cus007,Mark004,2019-08-09,1,787,INR ,0.06,6.12,95.88
Prod005,Cus007,Mark004,2019-08-16,1,1259,INR ,0.21,21.42,80.58
Prod005,Cus007,Mark004,2019-09-02,2,1574,INR ,0.06,6.12,95.88
Prod005,Cus007,Mark004,2019-09-03,1,630,INR ,-0.15,-15.3,117.3
Prod005,Cus007,Mark004,2019-09-06,1,157,INR ,-0.32,-32.64,134.64
Prod005,Cus007,Mark004,2019-09-13,2,1417,INR ,0.25,25.5,76.5
Prod005,Cus007,Mark004,2019-09-20,1,630,INR ,0.07,7.14,94.86
Prod005,Cus007,Mark004,2019-09-23,200,66111,INR ,-0.13,-13.26,115.26
Prod005,Cus007,Mark004,2019-09-27,2,1884,INR ,0.18,18.36,83.64
Prod005,Cus007,Mark004,2019-10-07,1,944,INR ,-0.1,-10.2,112.2
Prod005,Cus007,Mark004,2019-10-28,7,2574,INR ,-0.06,-6.12,108.12
Prod005,Cus007,Mark004,2019-11-08,1,630,INR ,-0.28,-28.56,130.56
Prod005,Cus007,Mark004,2019-11-15,1,472,INR ,-0.07,-7.14,109.14
Prod005,Cus007,Mark004,2019-11-22,1,944,INR ,-0.3,-30.6,132.6
Prod005,Cus007,Mark004,2019-11-29,2,1417,INR ,0.02,1.3,63.7
Prod005,Cus007,Mark004,2019-12-06,1,1259,INR ,-0.22,-14.3,79.3
Prod005,Cus007,Mark004,2019-12-13,4,3773,INR ,0.39,25.35,39.65
Prod005,Cus007,Mark004,2019-12-20,1,315,INR ,0.4,26,39
Prod005,Cus007,Mark004,2020-01-09,1,630,INR ,-0.32,-20.8,85.8
Prod005,Cus007,Mark004,2020-01-10,1,472,INR ,0.26,16.9,48.1
Prod005,Cus007,Mark004,2020-01-17,2,2042,INR ,-0.09,-5.85,70.85
Prod005,Cus007,Mark004,2020-02-07,1,417,INR ,-0.17,-11.05,76.05
Prod005,Cus007,Mark004,2020-02-14,1,310,INR ,-0.11,-7.15,72.15
Prod005,Cus007,Mark004,2020-02-28,1,208,INR ,-0.29,-18.85,83.85
Prod005,Cus007,Mark004,2020-03-06,1,620,INR ,-0.2,-13,78
Prod005,Cus007,Mark004,2020-03-13,1,620,INR ,-0.34,-22.1,87.1
Prod005,Cus007,Mark004,2020-04-03,1,829,INR ,0,0,65
Prod005,Cus007,Mark004,2020-04-14,4,2694,INR ,-0.14,-9.1,74.1
Prod005,Cus007,Mark004,2020-04-20,1,102,INR ,-0.25,-16.25,81.25
Prod005,Cus007,Mark004,2020-05-15,2,528,INR ,-0.25,-16.25,81.25
Prod006,Cus005,Mark004,2017-10-24,1,380,INR ,0.25,16.25,48.75
Prod006,Cus007,Mark004,2017-10-25,1,560,INR ,-0.28,-18.2,83.2
Prod006,Cus007,Mark004,2017-10-30,1,560,INR ,-0.18,-11.7,76.7
Prod006,Cus007,Mark004,2017-11-27,1,1116,INR ,-0.04,-2.6,67.6
Prod006,Cus008,Mark005,2017-12-11,1,657,INR ,0.2,13,52
Prod006,Cus007,Mark004,2017-12-12,1,560,INR ,-0.33,-21.45,86.45
Prod006,Cus008,Mark005,2017-12-19,1,657,INR ,0.24,15.6,49.4
Prod006,Cus007,Mark004,2018-02-12,1,560,INR ,-0.33,-21.45,86.45
Prod007,Cus007,Mark004,2018-10-19,11,6218,INR ,0.34,22.1,42.9
Prod008,Cus007,Mark004,2017-11-20,7,2426,INR ,-0.29,-18.85,83.85
Prod008,Cus007,Mark004,2017-11-24,33,15278,INR ,-0.09,-5.85,70.85
Prod009,Cus009,Mark002,2018-11-14,3,3032,INR ,0.29,18.85,46.15
Prod009,Cus010,Mark003,2019-05-22,2,3194,INR ,0.1,6.5,58.5
Prod009,Cus010,Mark003,2019-05-23,1,912,INR ,-0.18,-11.7,76.7
Prod009,Cus010,Mark003,2019-05-28,1,1824,INR ,0.14,9.1,55.9
Prod009,Cus010,Mark003,2019-05-29,1,458,INR ,-0.05,-3.25,68.25
Prod009,Cus003,Mark003,2019-05-31,3,4444,INR ,0.03,1.95,63.05
Prod009,Cus010,Mark003,2019-06-03,1,458,INR ,0.15,9.75,55.25
Prod009,Cus010,Mark003,2019-06-04,1,458,INR ,-0.18,-11.7,76.7
Prod009,Cus010,Mark003,2019-06-05,1,1824,INR ,-0.32,-20.8,85.8
Prod009,Cus003,Mark003,2019-06-05,2,2667,INR ,-0.21,-13.65,78.65
Prod009,Cus010,Mark003,2019-06-06,14,19171,INR ,-0.21,-13.65,78.65
Prod009,Cus010,Mark003,2019-06-07,1,458,INR ,0.4,26,39
Prod009,Cus010,Mark003,2019-06-11,1,458,INR ,0.39,25.35,39.65
Prod009,Cus010,Mark003,2019-06-12,1,458,INR ,0.13,8.45,56.55
Prod009,Cus010,Mark003,2019-06-14,1,1370,INR ,0.31,20.15,44.85
Prod009,Cus003,Mark003,2019-06-14,2,2667,INR ,-0.1,-6.5,71.5
Prod009,Cus003,Mark003,2019-06-17,1,1333,INR ,-0.11,-7.15,72.15
Prod009,Cus011,Mark003,2019-06-18,1,597,INR ,-0.3,-19.5,84.5
Prod009,Cus003,Mark003,2019-06-18,7,8889,INR ,-0.28,-18.2,83.2
Prod009,Cus003,Mark003,2019-06-19,1,1778,INR ,0.37,24.05,40.95
Prod009,Cus010,Mark003,2019-06-28,7,9130,INR ,0.19,12.35,52.65
Prod010,Cus011,Mark003,2018-04-23,1,602,INR ,0.27,17.55,47.45
Prod010,Cus012,Mark003,2018-05-03,2,3227,INR ,-0.15,-9.75,74.75
Prod010,Cus003,Mark003,2018-05-04,1,449,INR ,-0.05,-3.25,68.25
Prod010,Cus003,Mark003,2018-05-07,1,449,INR ,-0.28,-18.2,83.2
Prod010,Cus003,Mark003,2018-05-09,1,449,INR ,0.21,13.65,51.35
Prod010,Cus003,Mark003,2018-05-11,1,449,INR ,-0.22,-14.3,79.3
Prod010,Cus013,Mark003,2018-05-11,7,9880,INR ,-0.18,-11.7,76.7
Prod010,Cus011,Mark003,2018-05-16,1,301,INR ,-0.07,-4.55,69.55
Prod010,Cus014,Mark003,2018-05-16,6,7954,INR ,-0.32,-20.8,85.8
Prod010,Cus012,Mark003,2018-05-17,1,2153,INR ,0.21,13.65,51.35
Prod010,Cus014,Mark003,2018-05-17,4,5306,INR ,0.34,22.1,42.9
Prod010,Cus003,Mark003,2018-05-18,1,1801,INR ,-0.01,-0.65,65.65
Prod010,Cus003,Mark003,2018-05-23,2,2699,INR ,0.04,2.6,62.4
Prod010,Cus012,Mark003,2018-05-24,1,1616,INR ,0.21,13.65,51.35
Prod010,Cus003,Mark003,2018-05-25,2,2245,INR ,0.13,8.45,56.55
Prod010,Cus015,Mark006,2018-05-26,1,0,INR ,-0.3,-19.5,84.5
Prod010,Cus003,Mark003,2018-05-28,1,903,INR ,-0.25,-16.25,81.25
Prod010,Cus014,Mark003,2018-05-29,4,5306,INR ,-0.09,-5.85,70.85
Prod010,Cus010,Mark003,2018-05-30,3,3778,INR ,0.02,1.3,63.7
Prod010,Cus012,Mark003,2018-05-31,1,537,INR ,-0.33,-21.45,86.45
Prod010,Cus010,Mark003,2018-05-31,1,1417,INR ,0.13,8.45,56.55
Prod010,Cus014,Mark003,2018-05-31,4,5306,INR ,-0.08,-5.2,70.2
Prod010,Cus010,Mark003,2018-06-01,1,472,INR ,-0.24,-15.6,80.6
Prod010,Cus003,Mark003,2018-06-01,3,4051,INR ,-0.27,-17.55,82.55
Prod010,Cus013,Mark003,2018-06-01,10,14815,INR ,0.24,15.6,49.4
Prod010,Cus003,Mark003,2018-06-06,3,4495,INR ,-0.1,-6.5,71.5
Prod010,Cus012,Mark003,2018-06-07,2,2690,INR ,0.36,23.4,41.6
Prod010,Cus010,Mark003,2018-06-07,1,1417,INR ,-0.08,-5.2,70.2
Prod010,Cus003,Mark003,2018-06-08,1,449,INR ,0.18,11.7,53.3
Prod010,Cus014,Mark003,2018-06-08,18,23866,INR ,0.33,21.45,43.55
Prod010,Cus003,Mark003,2018-06-11,1,898,INR ,0.33,21.45,43.55
Prod010,Cus013,Mark003,2018-06-11,3,4940,INR ,0.07,4.55,60.45
Prod010,Cus003,Mark003,2018-06-13,1,449,INR ,0.26,16.9,48.1
Prod010,Cus012,Mark003,2018-06-14,1,2153,INR ,0.07,4.55,60.45
Prod010,Cus010,Mark003,2018-06-14,1,472,INR ,0.37,24.05,40.95
Prod010,Cus003,Mark003,2018-06-14,1,449,INR ,-0.11,-7.15,72.15
Prod010,Cus014,Mark003,2018-06-14,4,5306,INR ,0.4,26,39
Prod010,Cus003,Mark003,2018-06-15,3,3602,INR ,0.06,3.9,61.1
Prod010,Cus011,Mark003,2018-06-18,4,3583,INR ,-0.28,-18.2,83.2
Prod010,Cus003,Mark003,2018-06-18,4,4954,INR ,0.1,6.5,58.5
Prod010,Cus010,Mark003,2018-06-21,1,1889,INR ,0.04,2.6,62.4
Prod010,Cus010,Mark003,2018-07-18,1,472,INR ,-0.22,-14.3,79.3
Prod010,Cus003,Mark003,2018-07-18,1,1352,INR ,-0.28,-18.2,83.2
Prod010,Cus012,Mark003,2018-07-19,1,1616,INR ,-0.12,-7.8,72.8
Prod010,Cus003,Mark003,2018-07-19,1,449,INR ,-0.1,-6.5,71.5
Prod010,Cus003,Mark003,2018-07-23,1,1801,INR ,0.21,13.65,51.35
Prod010,Cus003,Mark003,2018-07-30,1,1801,INR ,-0.03,-1.95,66.95
Prod010,Cus003,Mark003,2019-01-25,1,449,INR ,0.34,22.1,42.9
Prod010,Cus003,Mark003,2019-02-04,1,449,INR ,0.01,0.65,64.35
Prod010,Cus003,Mark003,2019-02-20,1,449,INR ,0.21,13.65,51.35
Prod010,Cus003,Mark003,2019-03-13,1,444,INR ,0.03,1.95,63.05
Prod010,Cus003,Mark003,2019-03-28,1,444,INR ,0.24,15.6,49.4
Prod010,Cus003,Mark003,2019-04-30,1,0,INR ,0.18,11.7,53.3
Prod011,Cus016,Mark002,2017-10-06,1,505,INR ,-0.2,-13,78
Prod011,Cus016,Mark002,2017-10-13,1,1514,INR ,0.25,16.25,48.75
Prod011,Cus016,Mark002,2017-10-20,1,2023,INR ,-0.31,-20.15,85.15
Prod011,Cus016,Mark002,2017-10-27,25,37889,INR ,-0.17,-11.05,76.05
Prod011,Cus016,Mark002,2018-02-08,1,593,INR ,-0.05,-3.25,68.25
Prod011,Cus007,Mark004,2018-02-16,1,597,INR ,0.11,7.15,57.85
Prod011,Cus007,Mark004,2018-02-26,1,2389,INR ,-0.19,-12.35,77.35
Prod011,Cus016,Mark002,2018-03-01,1,593,INR ,-0.26,-16.9,81.9
Prod011,Cus007,Mark004,2018-03-02,1,1194,INR ,0.03,1.95,63.05
Prod011,Cus007,Mark004,2018-03-05,8,13736,INR ,-0.28,-18.2,83.2
Prod011,Cus007,Mark004,2018-03-12,1,1194,INR ,0.33,21.45,43.55
Prod011,Cus007,Mark004,2018-04-03,1,597,INR ,-0.27,-17.55,82.55
Prod011,Cus007,Mark004,2018-04-09,1,597,INR ,0.06,3.9,61.1
Prod011,Cus007,Mark004,2018-04-13,1,597,INR ,0.36,23.4,41.6
Prod011,Cus017,Mark007,2018-04-24,17,17472,INR ,0.01,0.65,64.35
Prod011,Cus007,Mark004,2018-04-26,2,2986,INR ,0.32,20.8,44.2
Prod011,Cus007,Mark004,2018-04-27,2,2986,INR ,0.31,20.15,44.85
Prod011,Cus007,Mark004,2018-05-07,1,597,INR ,0.15,9.75,55.25
Prod011,Cus007,Mark004,2018-05-14,1,1194,INR ,-0.18,-11.7,76.7
Prod011,Cus007,Mark004,2018-05-18,1,796,INR ,-0.05,-3.25,68.25
Prod011,Cus017,Mark007,2018-05-31,26,26722,INR ,-0.18,-11.7,76.7
Prod011,Cus007,Mark004,2018-06-11,1,796,INR ,0.19,12.35,52.65
Prod011,Cus007,Mark004,2018-06-13,1,796,INR ,-0.08,-5.2,70.2
Prod011,Cus007,Mark004,2018-06-14,1,3185,INR ,-0.25,-16.25,81.25
Prod011,Cus007,Mark004,2018-06-18,1,796,INR ,-0.1,-6.5,71.5
Prod011,Cus007,Mark004,2018-06-22,1,2389,INR ,0.4,26,39
Prod011,Cus007,Mark004,2018-06-29,1,3185,INR ,-0.26,-16.9,81.9
Prod011,Cus007,Mark004,2018-07-09,2,5574,INR ,0.1,6.5,58.5
Prod011,Cus007,Mark004,2018-07-13,1,796,INR ,-0.35,-22.75,87.75
Prod011,Cus007,Mark004,2018-07-20,1,796,INR ,-0.09,-5.85,70.85
Prod011,Cus007,Mark004,2018-07-27,1,796,INR ,0.36,23.4,41.6
Prod011,Cus007,Mark004,2018-08-03,1,1593,INR ,-0.07,-4.55,69.55
Prod011,Cus016,Mark002,2018-10-12,1,514,INR ,-0.31,-20.15,85.15
Prod011,Cus007,Mark004,2018-10-17,1,4759,INR ,-0.1,-6.5,71.5
Prod011,Cus007,Mark004,2018-10-25,1,1190,INR ,-0.21,-13.65,78.65
Prod011,Cus007,Mark004,2018-10-26,1,1190,INR ,0.05,3.25,61.75
Prod011,Cus016,Mark002,2018-10-31,3,4106,INR ,0.11,7.15,57.85
Prod011,Cus007,Mark004,2018-11-05,2,5949,INR ,-0.34,-22.1,87.1
Prod011,Cus007,Mark004,2018-11-06,2,5949,INR ,-0.18,-11.7,76.7
Prod011,Cus016,Mark002,2018-12-07,1,514,INR ,0.3,19.5,45.5
Prod011,Cus016,Mark002,2018-12-14,1,514,INR ,0,0,65
Prod011,Cus016,Mark002,2018-12-21,1,514,INR ,-0.03,-1.95,66.95
Prod011,Cus018,Mark002,2018-12-28,1,0,INR ,0.27,17.55,47.45
Prod011,Cus016,Mark002,2019-01-28,1,514,INR ,-0.22,-14.3,79.3
Prod011,Cus016,Mark002,2019-02-01,1,514,INR ,0.05,3.25,61.75
Prod011,Cus016,Mark002,2019-02-08,1,1028,INR ,0.18,11.7,53.3
Prod011,Cus016,Mark002,2019-02-15,1,2056,INR ,0.3,19.5,45.5
Prod011,Cus007,Mark004,2019-02-22,1,796,INR ,-0.31,-20.15,85.15
Prod011,Cus016,Mark002,2019-02-22,1,1542,INR ,-0.24,-15.6,80.6
Prod011,Cus016,Mark002,2019-03-01,1,514,INR ,-0.24,-15.6,80.6
Prod011,Cus016,Mark002,2019-03-08,1,1028,INR ,0.27,17.55,47.45
Prod011,Cus007,Mark004,2019-04-12,1,796,INR ,0.29,18.85,46.15
Prod011,Cus007,Mark004,2019-06-03,1,796,INR ,0.05,3.25,61.75
Prod011,Cus007,Mark004,2019-06-17,1,1593,INR ,0.3,19.5,45.5
Prod011,Cus007,Mark004,2019-06-24,1,796,INR ,0.14,9.1,55.9
Prod011,Cus011,Mark003,2019-07-15,1,611,INR ,-0.26,-16.9,81.9
Prod011,Cus016,Mark002,2019-08-16,1,1028,INR ,0.03,1.95,63.05
Prod011,Cus016,Mark002,2019-09-27,1,514,INR ,0.06,3.9,61.1
Prod011,Cus016,Mark002,2019-10-04,1,514,INR ,0.04,2.6,62.4
Prod011,Cus016,Mark002,2019-10-18,1,514,INR ,-0.13,-8.45,73.45
Prod011,Cus007,Mark004,2019-10-21,1,796,INR ,-0.35,-22.75,87.75
Prod011,Cus007,Mark004,2019-10-25,1,796,INR ,-0.3,-19.5,84.5
Prod011,Cus016,Mark002,2019-11-01,1,514,INR ,-0.04,-2.6,67.6
Prod011,Cus007,Mark004,2019-11-04,1,796,INR ,0.22,14.3,50.7
Prod011,Cus007,Mark004,2019-11-08,1,1593,INR ,0.4,26,39
Prod011,Cus016,Mark002,2019-11-08,1,514,INR ,-0.11,-7.15,72.15
Prod011,Cus007,Mark004,2019-11-15,1,3185,INR ,0.36,23.4,41.6
Prod011,Cus016,Mark002,2019-11-15,1,514,INR ,-0.31,-20.15,85.15
Prod011,Cus016,Mark002,2019-11-18,1,514,INR ,0.29,18.85,46.15
Prod011,Cus007,Mark004,2019-12-06,2,4778,INR ,-0.25,-16.25,81.25
Prod011,Cus016,Mark002,2019-12-06,1,514,INR ,0.09,5.85,59.15
Prod011,Cus007,Mark004,2019-12-13,4,10352,INR ,0.23,14.95,50.05
Prod011,Cus007,Mark004,2019-12-20,1,796,INR ,-0.04,-2.6,67.6
Prod011,Cus016,Mark002,2020-06-12,1,1028,INR ,-0.07,-4.55,69.55
Prod011,Cus016,Mark002,2020-06-16,1,514,INR ,0.39,25.35,39.65
Prod012,Cus019,Mark002,2018-06-05,33,29648,INR ,0.12,7.8,57.2
Prod013,Cus001,Mark001,2017-10-10,240,143560,INR ,0.29,18.85,46.15
Prod013,Cus005,Mark004,2017-10-11,7,6204,INR ,0.22,14.3,50.7
Prod013,Cus007,Mark004,2017-10-16,1,495,INR ,0.21,13.65,51.35
Prod013,Cus006,Mark004,2017-10-23,20,25130,INR ,0.37,24.05,40.95
Prod013,Cus007,Mark004,2017-10-25,1,986,INR ,0.35,22.75,42.25
Prod013,Cus020,Mark004,2017-11-02,13,23898,INR ,-0.33,-21.45,86.45
Prod013,Cus005,Mark004,2017-11-03,1,296,INR ,-0.29,-18.85,83.85
Prod013,Cus006,Mark004,2017-11-08,1,356,INR ,0.17,11.05,53.95
Prod013,Cus007,Mark004,2017-11-14,1,1977,INR ,0.34,22.1,42.9
Prod013,Cus005,Mark004,2017-11-22,1,296,INR ,0.25,16.25,48.75
Prod013,Cus006,Mark004,2017-11-22,7,8375,INR ,-0.22,-14.3,79.3
Prod013,Cus020,Mark004,2017-12-05,4,7171,INR ,0.09,5.85,59.15
Prod013,Cus006,Mark004,2017-12-15,1,356,INR ,0.19,12.35,52.65
Prod013,Cus006,Mark004,2018-01-15,1,356,INR ,-0.26,-16.9,81.9
Prod013,Cus006,Mark004,2018-01-22,7,8375,INR ,-0.33,-21.45,86.45
Prod013,Cus007,Mark004,2018-02-06,208,77931,INR ,0.02,1.3,63.7
Prod013,Cus007,Mark004,2018-02-08,105,40704,INR ,0.29,18.85,46.15
Prod013,Cus007,Mark004,2018-02-09,125,47074,INR ,-0.32,-20.8,85.8
Prod013,Cus007,Mark004,2018-02-14,10,4028,INR ,-0.3,-19.5,84.5
Prod013,Cus002,Mark002,2018-04-24,33,30167,INR ,0.12,7.8,57.2
Prod013,Cus007,Mark004,2018-05-24,6,1968,INR ,0.21,13.65,51.35
Prod014,Cus007,Mark004,2017-11-20,3,1366,INR ,-0.16,-10.4,75.4
Prod014,Cus007,Mark004,2017-12-01,1,495,INR ,0.29,18.85,46.15
Prod014,Cus007,Mark004,2018-03-22,17,6713,INR ,-0.11,-7.15,72.15
Prod015,Cus007,Mark004,2018-05-18,57,27708,INR ,-0.21,-13.65,78.65
Prod016,Cus007,Mark004,2017-10-13,1,537,INR ,-0.24,-15.6,80.6
Prod016,Cus005,Mark004,2017-10-17,7,7644,INR ,-0.27,-17.55,82.55
Prod016,Cus005,Mark004,2017-11-21,1,157,INR ,-0.14,-9.1,74.1
Prod016,Cus007,Mark004,2017-11-24,8,10972,INR ,0.36,23.4,41.6
Prod016,Cus007,Mark004,2017-12-01,1,1218,INR ,-0.12,-7.8,72.8
Prod016,Cus007,Mark004,2017-12-04,9,13407,INR ,0.23,14.95,50.05
Prod016,Cus005,Mark006,2018-01-10,5,0,INR ,-0.14,-9.1,74.1
Prod016,Cus007,Mark004,2018-01-12,1,245,INR ,-0.01,-0.65,65.65
Prod016,Cus007,Mark004,2018-02-22,1,245,INR ,-0.15,-9.75,74.75
Prod016,Cus001,Mark001,2018-06-28,187,115481,INR ,0.37,24.05,40.95
Prod016,Cus006,Mark004,2018-06-29,38,78986,INR ,0.09,5.85,59.15
Prod016,Cus006,Mark004,2018-07-02,119,245546,INR ,-0.24,-15.6,80.6
Prod016,Cus006,Mark004,2018-07-03,79,162292,INR ,-0.21,-13.65,78.65
Prod016,Cus006,Mark004,2018-07-04,1,412,INR ,-0.15,-9.75,74.75
Prod016,Cus006,Mark004,2018-07-06,5,7981,INR ,0.1,6.5,58.5
Prod016,Cus006,Mark004,2018-07-11,19,27505,INR ,-0.33,-21.45,86.45
Prod016,Cus021,Mark005,2018-07-13,173,145921,INR ,0.29,18.85,46.15
Prod016,Cus006,Mark004,2018-07-13,1,546,INR ,-0.26,-16.9,81.9
Prod016,Cus006,Mark004,2018-07-19,20,28167,INR ,-0.32,-20.8,85.8
Prod016,Cus006,Mark004,2018-07-24,23,32764,INR ,-0.03,-1.95,66.95
Prod016,Cus006,Mark004,2018-07-25,5,6648,INR ,-0.02,-1.3,66.3
Prod016,Cus006,Mark004,2018-07-26,28,40366,INR ,0.16,10.4,54.6
Prod016,Cus006,Mark004,2018-07-27,3,4273,INR ,-0.17,-11.05,76.05
Prod016,Cus006,Mark004,2018-07-31,1,949,INR ,-0.22,-14.3,79.3
Prod016,Cus006,Mark004,2018-08-01,1,477,INR ,0.13,8.45,56.55
Prod016,Cus006,Mark004,2018-08-02,1,949,INR ,0.39,25.35,39.65
Prod016,Cus006,Mark004,2018-08-03,41,70356,INR ,0.22,14.3,50.7
Prod016,Cus005,Mark004,2018-08-07,7,6528,INR ,0.08,5.2,59.8
Prod016,Cus006,Mark004,2018-08-07,1,477,INR ,-0.35,-22.75,87.75
Prod016,Cus006,Mark004,2018-08-10,12,19727,INR ,-0.22,-14.3,79.3
Prod016,Cus006,Mark004,2018-08-15,2,3324,INR ,0.27,17.55,47.45
Prod016,Cus007,Mark004,2018-09-12,227,103889,INR ,-0.15,-9.75,74.75
Prod016,Cus007,Mark004,2018-09-13,36,18167,INR ,0.12,7.8,57.2
Prod016,Cus006,Mark004,2019-02-06,112,106560,INR ,-0.06,-3.9,68.9
Prod016,Cus006,Mark004,2019-03-15,50,90130,INR ,0.05,3.25,61.75
Prod016,Cus006,Mark004,2019-03-22,30,54079,INR ,0.04,2.6,62.4
Prod016,Cus021,Mark005,2019-05-08,182,153815,INR ,-0.15,-9.75,74.75
Prod016,Cus005,Mark004,2019-05-17,1,306,INR ,0.2,13,52
Prod016,Cus021,Mark005,2019-07-12,157,132519,INR ,0.35,22.75,42.25
Prod016,Cus006,Mark004,2019-07-29,111,152833,INR ,0.35,22.75,42.25
Prod016,Cus006,Mark004,2019-08-01,7,10144,INR ,0.22,14.3,50.7
Prod016,Cus006,Mark004,2019-08-28,7,8991,INR ,-0.11,-7.15,72.15
Prod016,Cus007,Mark004,2019-09-06,1,1218,INR ,0.36,23.4,41.6
Prod016,Cus007,Mark004,2019-09-13,1,1708,INR ,0.19,12.35,52.65
Prod016,Cus007,Mark004,2019-09-19,177,79676,INR ,-0.04,-2.6,67.6
Prod016,Cus007,Mark004,2019-09-20,1,486,INR ,0.01,0.65,64.35
Prod016,Cus006,Mark004,2019-10-10,18,25356,INR ,-0.08,-5.2,70.2
Prod016,Cus006,Mark004,2019-11-07,13,17519,INR ,-0.09,-5.85,70.85
Prod016,Cus007,Mark004,2019-11-29,4,6338,INR ,0.23,14.95,50.05
Prod017,Cus022,Mark002,2017-10-05,4,9190,INR ,0.22,14.3,50.7
Prod017,Cus016,Mark002,2017-10-06,4,8384,INR ,0.36,23.4,41.6
Prod017,Cus016,Mark002,2017-10-12,2,4889,INR ,-0.04,-2.6,67.6
Prod017,Cus016,Mark002,2017-10-13,2,3495,INR ,0.22,14.3,50.7
Prod017,Cus023,Mark002,2017-10-13,1,2065,INR ,0.15,9.75,55.25
Prod017,Cus023,Mark002,2017-10-25,1,1380,INR ,0.03,1.95,63.05
Prod017,Cus016,Mark002,2017-10-27,6,11870,INR ,0.02,1.3,63.7
Prod017,Cus016,Mark002,2017-11-03,6,12574,INR ,0,0,65
Prod017,Cus016,Mark002,2017-11-06,1,2796,INR ,0.4,26,39
Prod017,Cus016,Mark002,2017-11-10,2,4889,INR ,0.06,3.9,61.1
Prod017,Cus016,Mark002,2017-11-17,1,2792,INR ,-0.1,-6.5,71.5
Prod017,Cus023,Mark002,2017-11-20,33,68898,INR ,0.13,8.45,56.55
Prod017,Cus016,Mark002,2017-11-23,1,2792,INR ,0.23,14.95,50.05
Prod017,Cus016,Mark002,2017-11-24,3,6991,INR ,-0.29,-18.85,83.85
Prod017,Cus024,Mark002,2017-11-27,1,681,INR ,0.32,20.8,44.2
Prod017,Cus023,Mark002,2017-11-30,22,44782,INR ,0.27,17.55,47.45
Prod017,Cus016,Mark002,2017-12-01,13,26537,INR ,-0.1,-6.5,71.5
Prod017,Cus023,Mark002,2017-12-06,2,3444,INR ,-0.03,-1.95,66.95
Prod017,Cus016,Mark002,2017-12-07,2,4190,INR ,-0.05,-3.25,68.25
Prod017,Cus023,Mark002,2017-12-07,1,2755,INR ,0.19,12.35,52.65
Prod017,Cus016,Mark002,2017-12-08,9,18852,INR ,0.18,11.7,53.3
Prod017,Cus023,Mark002,2017-12-12,1,1380,INR ,0.02,1.3,63.7
Prod017,Cus016,Mark002,2017-12-14,3,6287,INR ,-0.26,-16.9,81.9
Prod017,Cus016,Mark002,2017-12-15,20,41199,INR ,0.09,5.85,59.15
Prod017,Cus024,Mark002,2017-12-18,1,1356,INR ,0.16,10.4,54.6
Prod017,Cus024,Mark002,2017-12-19,1,681,INR ,0.19,12.35,52.65
Prod017,Cus016,Mark002,2017-12-21,3,5588,INR ,0.2,13,52
Prod017,Cus016,Mark002,2017-12-22,15,32125,INR ,0.21,13.65,51.35
Prod017,Cus023,Mark002,2017-12-22,7,13778,INR ,-0.13,-8.45,73.45
Prod017,Cus016,Mark002,2018-01-02,2,4194,INR ,0.4,26,39
Prod017,Cus024,Mark002,2018-01-02,1,2713,INR ,0.29,18.85,46.15
Prod017,Cus016,Mark002,2018-01-05,31,65648,INR ,0.29,18.85,46.15
Prod017,Cus023,Mark002,2018-01-08,23,48231,INR ,0.12,7.8,57.2
Prod017,Cus016,Mark002,2018-01-12,8,16065,INR ,-0.3,-19.5,84.5
Prod017,Cus024,Mark002,2018-01-15,1,1356,INR ,0.21,13.65,51.35
Prod017,Cus024,Mark002,2018-01-16,1,1356,INR ,-0.13,-8.45,73.45
Prod017,Cus024,Mark002,2018-01-29,1,681,INR ,0.14,28.56,175.44
Prod017,Cus016,Mark002,2018-02-01,1,1398,INR ,0.11,22.44,181.56
Prod017,Cus016,Mark002,2018-02-02,10,20255,INR ,-0.2,-40.8,244.8
Prod017,Cus024,Mark002,2018-02-06,1,681,INR ,0.17,34.68,169.32
Prod017,Cus016,Mark002,2018-02-09,1,699,INR ,0.13,26.52,177.48
Prod017,Cus022,Mark002,2018-02-22,6,12014,INR ,-0.05,-10.2,214.2
Prod017,Cus024,Mark002,2018-04-10,1,681,INR ,0.21,42.84,161.16
Prod017,Cus025,Mark002,2018-04-19,19,43537,INR ,0.13,26.52,177.48
Prod017,Cus024,Mark002,2018-04-23,1,681,INR ,0.1,20.4,183.6
Prod017,Cus025,Mark002,2018-05-08,28,65310,INR ,-0.3,-61.2,265.2
Prod017,Cus024,Mark002,2018-05-15,1,681,INR ,-0.25,-51,255
Prod017,Cus025,Mark002,2018-06-04,9,21769,INR ,-0.28,-57.12,261.12
Prod017,Cus025,Mark002,2018-06-08,1,2176,INR ,-0.05,-10.2,214.2
Prod018,Cus023,Mark002,2018-01-16,8,17222,INR ,0.03,6.12,197.88
Prod018,Cus023,Mark002,2018-01-17,24,48917,INR ,-0.03,-6.12,210.12
Prod018,Cus023,Mark002,2018-02-09,1,1380,INR ,0.39,79.56,124.44
Prod018,Cus026,Mark008,2018-02-12,13,26333,INR ,0.27,55.08,148.92
Prod018,Cus026,Mark008,2018-02-16,13,26333,INR ,0.32,65.28,138.72
Prod018,Cus016,Mark002,2018-02-22,1,347,INR ,-0.08,-16.32,220.32
Prod018,Cus022,Mark002,2018-02-22,3,6125,INR ,0.3,61.2,142.8
Prod018,Cus016,Mark002,2018-02-23,5,10824,INR ,0.18,36.72,167.28
Prod018,Cus022,Mark002,2018-02-26,1,3065,INR ,0.14,28.56,175.44
Prod018,Cus023,Mark002,2018-03-01,1,1380,INR ,-0.08,-16.32,220.32
Prod018,Cus016,Mark002,2018-03-02,2,3843,INR ,-0.08,-16.32,220.32
Prod018,Cus022,Mark002,2018-03-05,1,3065,INR ,0.16,32.64,171.36
Prod018,Cus022,Mark002,2018-03-06,1,3065,INR ,0.33,67.32,136.68
Prod018,Cus022,Mark002,2018-03-08,1,3065,INR ,0.39,79.56,124.44
Prod018,Cus022,Mark002,2018-03-09,1,3065,INR ,0.18,36.72,167.28
Prod018,Cus022,Mark002,2018-03-15,3,6130,INR ,0.09,18.36,185.64
Prod018,Cus022,Mark002,2018-03-19,1,3065,INR ,0.21,42.84,161.16
Prod018,Cus025,Mark002,2018-03-19,5,10884,INR ,-0.11,-22.44,226.44
Prod018,Cus022,Mark002,2018-03-20,1,3065,INR ,0.27,55.08,148.92
Prod018,Cus022,Mark002,2018-03-21,1,3065,INR ,-0.03,-6.12,210.12
Prod018,Cus023,Mark002,2018-03-21,1,343,INR ,0.25,51,153
Prod018,Cus022,Mark002,2018-03-23,1,3065,INR ,-0.18,-36.72,240.72
Prod018,Cus023,Mark002,2018-03-23,1,690,INR ,0.06,12.24,191.76
Prod018,Cus022,Mark002,2018-03-27,1,3065,INR ,0.34,69.36,134.64
Prod018,Cus022,Mark002,2018-03-28,1,3065,INR ,0.11,22.44,181.56
Prod018,Cus022,Mark002,2018-03-29,1,3065,INR ,-0.15,-30.6,234.6
Prod018,Cus023,Mark002,2018-03-29,1,1380,INR ,0.12,24.48,179.52
Prod018,Cus022,Mark002,2018-04-04,1,3065,INR ,0.31,63.24,140.76
Prod018,Cus022,Mark002,2018-04-06,5,12250,INR ,0.25,51,153
Prod018,Cus023,Mark002,2018-04-11,2,4130,INR ,-0.18,-36.72,240.72
Prod018,Cus022,Mark002,2018-04-12,3,6125,INR ,0.31,63.24,140.76
Prod018,Cus025,Mark002,2018-04-12,14,32653,INR ,-0.11,-22.44,226.44
Prod018,Cus011,Mark003,2018-04-13,11,37690,INR ,0.05,10.2,193.8
Prod018,Cus022,Mark002,2018-04-17,1,3065,INR ,0.09,18.36,185.64
Prod018,Cus023,Mark002,2018-04-18,2,3444,INR ,0.34,69.36,134.64
Prod018,Cus022,Mark002,2018-04-19,4,9190,INR ,-0.33,-67.32,271.32
Prod018,Cus022,Mark002,2018-04-20,1,3065,INR ,-0.34,-69.36,273.36
Prod018,Cus022,Mark002,2018-04-23,1,3065,INR ,0.32,65.28,138.72
Prod018,Cus024,Mark002,2018-04-24,2,3056,INR ,0.21,42.84,161.16
Prod018,Cus011,Mark003,2018-04-27,10,34157,INR ,0.21,42.84,161.16
Prod018,Cus022,Mark002,2018-04-27,1,3065,INR ,0.07,14.28,189.72
Prod018,Cus022,Mark002,2018-04-30,1,3065,INR ,0.11,22.44,181.56
Prod018,Cus024,Mark002,2018-04-30,2,3056,INR ,0.24,48.96,155.04
Prod018,Cus023,Mark002,2018-04-30,1,2065,INR ,-0.21,-42.84,246.84
Prod018,Cus022,Mark002,2018-05-03,3,6125,INR ,-0.02,-4.08,208.08
Prod018,Cus023,Mark002,2018-05-03,1,1380,INR ,-0.07,-14.28,218.28
Prod018,Cus022,Mark002,2018-05-04,4,9190,INR ,0.32,65.28,138.72
Prod018,Cus011,Mark003,2018-05-07,6,20023,INR ,0.02,4.08,199.92
Prod018,Cus022,Mark002,2018-05-09,1,3065,INR ,-0.17,-34.68,238.68
Prod018,Cus022,Mark002,2018-05-09,13,28269,INR ,-0.29,-59.16,263.16
Prod018,Cus022,Mark002,2018-05-14,1,3065,INR ,-0.01,-2.04,206.04
Prod018,Cus024,Mark002,2018-05-14,2,3056,INR ,0.31,63.24,140.76
Prod018,Cus024,Mark002,2018-05-15,2,3056,INR ,-0.07,-14.28,218.28
Prod018,Cus022,Mark002,2018-05-16,1,3065,INR ,-0.01,-2.04,206.04
Prod018,Cus022,Mark002,2018-05-16,13,28269,INR ,0.27,55.08,148.92
Prod018,Cus011,Mark003,2018-05-17,1,1176,INR ,-0.14,-28.56,232.56
Prod018,Cus022,Mark002,2018-05-17,3,6125,INR ,0.21,42.84,161.16
Prod018,Cus022,Mark002,2018-05-17,27,56537,INR ,-0.22,-44.88,248.88
Prod018,Cus011,Mark003,2018-05-18,5,16491,INR ,-0.06,-12.24,216.24
Prod018,Cus022,Mark002,2018-05-18,1,3065,INR ,0.08,16.32,187.68
Prod018,Cus022,Mark002,2018-05-18,13,28269,INR ,0.09,18.36,185.64
Prod018,Cus024,Mark002,2018-05-21,2,3056,INR ,0.05,10.2,193.8
Prod018,Cus024,Mark002,2018-05-22,2,3056,INR ,0.32,65.28,138.72
Prod018,Cus022,Mark002,2018-05-23,1,3065,INR ,0.28,57.12,146.88
Prod018,Cus022,Mark002,2018-05-24,1,3065,INR ,0.05,10.2,193.8
Prod018,Cus022,Mark002,2018-05-25,1,3065,INR ,-0.1,-20.4,224.4
Prod018,Cus011,Mark003,2018-05-28,4,14134,INR ,0.31,63.24,140.76
Prod018,Cus022,Mark002,2018-05-30,3,6125,INR ,0.33,67.32,136.68
Prod018,Cus011,Mark003,2018-06-01,5,16491,INR ,-0.06,-12.24,216.24
Prod018,Cus022,Mark002,2018-06-01,1,3065,INR ,0.33,67.32,136.68
Prod018,Cus022,Mark002,2018-06-04,1,3065,INR ,0.03,6.12,197.88
Prod018,Cus022,Mark002,2018-06-05,1,3065,INR ,0.4,81.6,122.4
Prod018,Cus022,Mark002,2018-06-07,3,6125,INR ,0.31,63.24,140.76
Prod018,Cus011,Mark003,2018-06-11,11,40046,INR ,0.14,28.56,175.44
Prod018,Cus022,Mark002,2018-06-11,1,3065,INR ,-0.12,-24.48,228.48
Prod018,Cus022,Mark002,2018-06-12,1,3065,INR ,0.14,28.56,175.44
Prod018,Cus024,Mark002,2018-06-12,1,338,INR ,-0.18,-36.72,240.72
Prod018,Cus022,Mark002,2018-06-13,1,3065,INR ,-0.33,-67.32,271.32
Prod018,Cus022,Mark002,2018-06-14,5,12250,INR ,0.34,69.36,134.64
Prod018,Cus023,Mark002,2018-06-14,7,14407,INR ,0.1,20.4,183.6
Prod018,Cus022,Mark002,2018-06-15,3,6125,INR ,0.23,46.92,157.08
Prod018,Cus011,Mark003,2018-06-19,7,25912,INR ,0.06,12.24,191.76
Prod018,Cus026,Mark008,2018-06-19,27,52667,INR ,-0.27,-55.08,259.08
Prod018,Cus022,Mark002,2018-06-19,1,3065,INR ,0.04,8.16,195.84
Prod018,Cus024,Mark002,2018-06-19,1,338,INR ,0.22,44.88,159.12
Prod018,Cus023,Mark002,2018-06-19,2,4319,INR ,-0.14,-28.56,232.56
Prod018,Cus022,Mark002,2018-06-20,1,3065,INR ,0.28,57.12,146.88
Prod018,Cus025,Mark002,2018-06-20,108,251903,INR ,0.29,59.16,144.84
Prod018,Cus022,Mark002,2018-06-21,5,12250,INR ,-0.31,-63.24,267.24
Prod018,Cus023,Mark002,2018-06-21,1,1440,INR ,-0.03,-6.12,210.12
Prod018,Cus011,Mark003,2018-06-25,6,21199,INR ,0.37,75.48,128.52
Prod018,Cus022,Mark002,2018-06-25,1,3065,INR ,0.29,59.16,144.84
Prod018,Cus022,Mark002,2018-06-27,3,6125,INR ,0.37,75.48,128.52
Prod018,Cus022,Mark002,2018-06-28,3,6125,INR ,-0.13,-26.52,230.52
Prod018,Cus023,Mark002,2018-06-28,1,361,INR ,-0.21,-42.84,246.84
Prod018,Cus022,Mark002,2018-06-29,1,3065,INR ,0.13,26.52,177.48
Prod018,Cus011,Mark003,2018-07-02,16,55356,INR ,-0.31,-63.24,267.24
Prod018,Cus022,Mark002,2018-07-02,1,3065,INR ,0.01,2.04,201.96
Prod018,Cus022,Mark002,2018-07-05,4,9190,INR ,0.35,71.4,132.6
Prod018,Cus022,Mark002,2018-07-06,3,6125,INR ,-0.18,-36.72,240.72
Prod018,Cus011,Mark003,2018-07-09,8,29444,INR ,0.37,75.48,128.52
Prod018,Cus022,Mark002,2018-07-09,1,3065,INR ,-0.12,-24.48,228.48
Prod018,Cus022,Mark002,2018-07-10,1,3065,INR ,-0.13,-26.52,230.52
Prod018,Cus024,Mark002,2018-07-10,1,338,INR ,0.16,32.64,171.36
Prod018,Cus023,Mark002,2018-07-10,1,1440,INR ,0.02,4.08,199.92
Prod018,Cus022,Mark002,2018-07-11,1,3065,INR ,0.01,2.04,201.96
Prod018,Cus023,Mark002,2018-07-12,1,2162,INR ,0.19,38.76,165.24
Prod018,Cus022,Mark002,2018-07-13,1,3065,INR ,0.12,24.48,179.52
Prod018,Cus022,Mark002,2018-07-16,1,3065,INR ,0.31,63.24,140.76
Prod018,Cus011,Mark003,2018-07-17,2,7065,INR ,-0.06,-12.24,216.24
Prod018,Cus022,Mark002,2018-07-17,5,12250,INR ,-0.03,-6.12,210.12
Prod018,Cus022,Mark002,2018-07-19,3,6125,INR ,-0.27,-55.08,259.08
Prod018,Cus022,Mark002,2018-07-19,13,28269,INR ,-0.2,-40.8,244.8
Prod018,Cus023,Mark002,2018-07-20,1,1440,INR ,0.37,75.48,128.52
Prod018,Cus022,Mark002,2018-07-25,3,6125,INR ,-0.27,-55.08,259.08
Prod018,Cus022,Mark002,2018-07-26,1,3065,INR ,-0.29,-59.16,263.16
Prod018,Cus022,Mark002,2018-07-27,1,3065,INR ,-0.27,-55.08,259.08
Prod018,Cus022,Mark002,2018-07-30,1,3065,INR ,0.37,75.48,128.52
Prod018,Cus023,Mark002,2018-07-30,1,2162,INR ,0.19,38.76,165.24
Prod018,Cus022,Mark002,2018-08-01,1,3065,INR ,0.15,30.6,173.4
Prod018,Cus022,Mark002,2018-08-02,1,3065,INR ,-0.3,-61.2,265.2
Prod018,Cus025,Mark002,2018-08-02,24,55977,INR ,0.09,18.36,185.64
Prod018,Cus022,Mark002,2018-08-03,1,3065,INR ,0.23,46.92,157.08
Prod018,Cus022,Mark002,2018-08-06,1,3065,INR ,-0.25,-51,255
Prod018,Cus022,Mark002,2018-08-08,3,6125,INR ,0.21,42.84,161.16
Prod018,Cus022,Mark002,2018-08-09,1,3065,INR ,0.37,75.48,128.52
Prod018,Cus025,Mark002,2018-08-09,5,10495,INR ,0.05,10.2,193.8
Prod018,Cus011,Mark003,2018-08-10,13,45935,INR ,0.26,53.04,150.96
Prod018,Cus022,Mark002,2018-08-10,3,6125,INR ,0.13,26.52,177.48
Prod018,Cus022,Mark002,2018-08-13,3,6125,INR ,-0.12,-24.48,228.48
Prod018,Cus025,Mark002,2018-08-13,15,34986,INR ,-0.2,-40.8,244.8
Prod018,Cus022,Mark002,2018-08-14,1,3065,INR ,0.16,32.64,171.36
Prod018,Cus022,Mark002,2018-08-14,13,28269,INR ,0.15,30.6,173.4
Prod018,Cus022,Mark002,2018-08-17,4,9190,INR ,0.16,32.64,171.36
Prod018,Cus025,Mark002,2018-08-17,15,34986,INR ,-0.25,-51,255
Prod018,Cus011,Mark003,2018-08-20,10,36509,INR ,-0.09,-18.36,222.36
Prod018,Cus022,Mark002,2018-08-21,5,12250,INR ,-0.35,-71.4,275.4
Prod018,Cus024,Mark002,2018-08-21,1,338,INR ,0.17,34.68,169.32
Prod018,Cus022,Mark002,2018-08-22,1,3065,INR ,-0.29,-59.16,263.16
Prod018,Cus022,Mark002,2018-08-23,3,6125,INR ,-0.07,-14.28,218.28
Prod018,Cus025,Mark002,2018-08-23,12,27991,INR ,-0.05,-10.2,214.2
Prod018,Cus022,Mark002,2018-08-24,3,6125,INR ,-0.33,-67.32,271.32
Prod018,Cus011,Mark003,2018-08-27,13,45935,INR ,-0.06,-12.24,216.24
Prod018,Cus022,Mark002,2018-08-29,1,3065,INR ,0.09,18.36,185.64
Prod018,Cus023,Mark002,2018-08-29,1,361,INR ,-0.05,-10.2,214.2
Prod018,Cus022,Mark002,2018-08-31,7,15315,INR ,0.05,10.2,193.8
Prod018,Cus025,Mark002,2018-08-31,20,45481,INR ,0.15,30.6,173.4
Prod018,Cus011,Mark003,2018-09-03,40,140157,INR ,0.24,48.96,155.04
Prod018,Cus022,Mark002,2018-09-03,1,3065,INR ,-0.28,-57.12,261.12
Prod018,Cus025,Mark002,2018-09-03,8,17495,INR ,0.07,14.28,189.72
Prod018,Cus022,Mark002,2018-09-04,13,28269,INR ,-0.17,-34.68,238.68
Prod018,Cus025,Mark002,2018-09-06,15,34986,INR ,-0.34,-69.36,273.36
Prod018,Cus023,Mark002,2018-09-06,1,361,INR ,0.09,18.36,185.64
Prod018,Cus022,Mark002,2018-09-07,1,3065,INR ,-0.16,-32.64,236.64
Prod018,Cus025,Mark002,2018-09-07,26,59477,INR ,0.12,24.48,179.52
Prod018,Cus023,Mark002,2018-09-07,1,1079,INR ,-0.19,-38.76,242.76
Prod018,Cus022,Mark002,2018-09-10,3,6125,INR ,0.36,73.44,130.56
Prod018,Cus024,Mark002,2018-09-12,1,681,INR ,-0.15,-30.6,234.6
Prod018,Cus022,Mark002,2018-09-13,3,6130,INR ,0.2,40.8,163.2
Prod018,Cus025,Mark002,2018-09-13,8,17495,INR ,-0.23,-46.92,250.92
Prod018,Cus023,Mark002,2018-09-13,1,1440,INR ,-0.12,-24.48,228.48
Prod018,Cus022,Mark002,2018-09-14,3,6125,INR ,0.13,26.52,177.48
Prod018,Cus022,Mark002,2018-09-17,1,3065,INR ,0.04,8.16,195.84
Prod018,Cus024,Mark002,2018-09-18,1,676,INR ,0.39,79.56,124.44
Prod018,Cus022,Mark002,2018-09-19,1,3065,INR ,-0.09,-18.36,222.36
Prod018,Cus022,Mark002,2018-09-21,1,3065,INR ,0.33,67.32,136.68
Prod018,Cus022,Mark002,2018-09-21,13,28269,INR ,-0.2,-40.8,244.8
Prod018,Cus022,Mark002,2018-09-24,1,3065,INR ,-0.14,-28.56,232.56
Prod018,Cus016,Mark002,2018-09-26,12,24792,INR ,0.09,18.36,185.64
Prod018,Cus022,Mark002,2018-09-26,1,3065,INR ,-0.14,-28.56,232.56
Prod018,Cus022,Mark002,2018-09-27,1,3065,INR ,-0.26,-53.04,257.04
Prod018,Cus022,Mark002,2018-09-28,1,3065,INR ,0.13,26.52,177.48
Prod018,Cus023,Mark002,2018-09-28,1,1440,INR ,0.09,18.36,185.64
Prod018,Cus016,Mark002,2018-10-01,6,11519,INR ,-0.25,-51,255
Prod018,Cus022,Mark002,2018-10-01,1,3065,INR ,0.13,26.52,177.48
Prod018,Cus024,Mark002,2018-10-01,1,1356,INR ,-0.21,-42.84,246.84
Prod018,Cus024,Mark002,2018-10-02,1,1019,INR ,0,0,204
Prod018,Cus022,Mark002,2018-10-03,1,3065,INR ,0.14,28.56,175.44
Prod018,Cus011,Mark003,2018-10-08,1,1176,INR ,-0.35,-71.4,275.4
Prod018,Cus016,Mark002,2018-10-08,1,1398,INR ,0.39,79.56,124.44
Prod018,Cus022,Mark002,2018-10-08,3,6125,INR ,0.21,42.84,161.16
Prod018,Cus022,Mark002,2018-10-09,4,9190,INR ,-0.33,-67.32,271.32
Prod018,Cus022,Mark002,2018-10-11,1,3065,INR ,-0.24,-48.96,252.96
Prod018,Cus025,Mark002,2018-10-11,8,17495,INR ,0.01,2.04,201.96
Prod018,Cus023,Mark002,2018-10-11,1,722,INR ,-0.07,-14.28,218.28
Prod018,Cus016,Mark002,2018-10-12,8,17463,INR ,0.28,57.12,146.88
Prod018,Cus022,Mark002,2018-10-12,5,12250,INR ,-0.22,-44.88,248.88
Prod018,Cus022,Mark002,2018-10-12,80,169606,INR ,0.11,22.44,181.56
Prod018,Cus025,Mark002,2018-10-15,8,17495,INR ,0.24,48.96,155.04
Prod018,Cus022,Mark002,2018-10-17,1,3065,INR ,-0.28,-57.12,261.12
Prod018,Cus024,Mark002,2018-10-17,1,338,INR ,-0.09,-18.36,222.36
Prod018,Cus022,Mark002,2018-10-17,13,28269,INR ,0.07,14.28,189.72
Prod018,Cus022,Mark002,2018-10-18,1,3065,INR ,0.07,14.28,189.72
Prod018,Cus025,Mark002,2018-10-18,8,17495,INR ,-0.04,-8.16,212.16
Prod018,Cus023,Mark002,2018-10-18,1,361,INR ,0.2,40.8,163.2
Prod018,Cus022,Mark002,2018-10-19,1,3065,INR ,0.32,65.28,138.72
Prod018,Cus022,Mark002,2018-10-19,13,28269,INR ,0.36,73.44,130.56
Prod018,Cus016,Mark002,2018-10-22,2,3495,INR ,-0.14,-28.56,232.56
Prod018,Cus022,Mark002,2018-10-22,3,6125,INR ,-0.25,-51,255
Prod018,Cus025,Mark002,2018-10-22,3,6995,INR ,-0.14,-28.56,232.56
Prod018,Cus016,Mark002,2018-10-23,1,1745,INR ,-0.04,-8.16,212.16
Prod018,Cus023,Mark002,2018-10-23,1,722,INR ,-0.26,-53.04,257.04
Prod018,Cus016,Mark002,2018-10-24,2,4190,INR ,0.39,79.56,124.44
Prod018,Cus022,Mark002,2018-10-25,1,3065,INR ,0.04,8.16,195.84
Prod018,Cus025,Mark002,2018-10-25,17,38486,INR ,0.37,75.48,128.52
Prod018,Cus022,Mark002,2018-10-29,1,3065,INR ,-0.13,-26.52,230.52
Prod018,Cus025,Mark002,2018-10-29,23,52481,INR ,-0.07,-14.28,218.28
Prod018,Cus016,Mark002,2018-10-30,17,35963,INR ,0.29,59.16,144.84
Prod018,Cus022,Mark002,2018-10-30,13,28269,INR ,0.15,30.6,173.4
Prod018,Cus022,Mark002,2018-10-31,1,3065,INR ,0.18,36.72,167.28
Prod018,Cus022,Mark002,2018-11-01,15,33690,INR ,-0.29,-59.16,263.16
Prod018,Cus022,Mark002,2018-11-01,13,28269,INR ,0.23,46.92,157.08
Prod018,Cus022,Mark002,2018-11-02,3,6125,INR ,0.11,22.44,181.56
Prod018,Cus023,Mark002,2018-11-02,1,722,INR ,-0.27,-55.08,259.08
Prod018,Cus022,Mark002,2018-11-05,4,9190,INR ,0.34,69.36,134.64
Prod018,Cus016,Mark002,2018-11-06,18,38060,INR ,0.25,51,153
Prod018,Cus025,Mark002,2018-11-06,8,17495,INR ,0.16,32.64,171.36
Prod018,Cus022,Mark002,2018-11-06,13,28269,INR ,-0.32,-65.28,269.28
Prod018,Cus016,Mark002,2018-11-07,11,23394,INR ,0.36,73.44,130.56
Prod018,Cus022,Mark002,2018-11-08,4,9190,INR ,0.17,34.68,169.32
Prod018,Cus025,Mark002,2018-11-08,9,20991,INR ,-0.03,-6.12,210.12
Prod018,Cus016,Mark002,2018-11-09,21,43991,INR ,0.32,65.28,138.72
Prod018,Cus022,Mark002,2018-11-12,3,6125,INR ,-0.13,-26.52,230.52
Prod018,Cus025,Mark002,2018-11-12,15,34986,INR ,-0.14,-28.56,232.56
Prod018,Cus022,Mark002,2018-11-12,13,28269,INR ,0.35,71.4,132.6
Prod018,Cus022,Mark002,2018-11-13,1,3065,INR ,-0.16,-32.64,236.64
Prod018,Cus022,Mark002,2018-11-13,13,28269,INR ,0.27,55.08,148.92
Prod018,Cus022,Mark002,2018-11-14,1,3065,INR ,-0.08,-8.48,114.48
Prod018,Cus022,Mark002,2018-11-15,3,6125,INR ,-0.33,-34.98,140.98
Prod018,Cus025,Mark002,2018-11-15,8,17495,INR ,-0.16,-16.96,122.96
Prod018,Cus016,Mark002,2018-11-16,37,77870,INR ,0.07,7.42,98.58
Prod018,Cus022,Mark002,2018-11-16,13,28269,INR ,0.08,8.48,97.52
Prod018,Cus025,Mark002,2018-11-20,8,17495,INR ,0.3,31.8,74.2
Prod018,Cus022,Mark002,2018-11-20,13,28269,INR ,0.15,15.9,90.1
Prod018,Cus022,Mark002,2018-11-21,1,3065,INR ,0.17,18.02,87.98
Prod018,Cus022,Mark002,2018-11-22,3,6125,INR ,0.27,28.62,77.38
Prod018,Cus025,Mark002,2018-11-22,23,52481,INR ,-0.14,-14.84,120.84
Prod018,Cus022,Mark002,2018-11-22,13,28269,INR ,0.05,5.3,100.7
Prod018,Cus016,Mark002,2018-11-23,6,13264,INR ,-0.29,-30.74,136.74
Prod018,Cus022,Mark002,2018-11-23,4,9190,INR ,0.34,36.04,69.96
Prod018,Cus023,Mark002,2018-11-23,17,36014,INR ,0.24,25.44,80.56
Prod018,Cus016,Mark002,2018-11-26,58,121509,INR ,0.36,38.16,67.84
Prod018,Cus022,Mark002,2018-11-27,13,28269,INR ,-0.13,-13.78,119.78
Prod018,Cus023,Mark002,2018-11-27,33,72028,INR ,0.15,15.9,90.1
Prod018,Cus016,Mark002,2018-11-29,22,46444,INR ,0.04,4.24,101.76
Prod018,Cus022,Mark002,2018-11-29,1,3065,INR ,-0.32,-33.92,139.92
Prod018,Cus025,Mark002,2018-11-29,8,17495,INR ,-0.01,-1.06,107.06
Prod018,Cus022,Mark002,2018-11-29,13,28269,INR ,-0.35,-37.1,143.1
Prod018,Cus022,Mark002,2018-12-03,1,3065,INR ,0.24,25.44,80.56
Prod018,Cus025,Mark002,2018-12-03,8,17495,INR ,0,0,106
Prod018,Cus022,Mark002,2018-12-04,1,3065,INR ,0.17,18.02,87.98
Prod018,Cus022,Mark002,2018-12-04,13,28269,INR ,-0.31,-32.86,138.86
Prod018,Cus022,Mark002,2018-12-06,1,3065,INR ,0.39,41.34,64.66
Prod018,Cus025,Mark002,2018-12-06,15,34986,INR ,0.32,33.92,72.08
Prod018,Cus022,Mark002,2018-12-06,13,28269,INR ,0.16,16.96,89.04
Prod018,Cus016,Mark002,2018-12-07,59,122898,INR ,-0.17,-18.02,124.02
Prod018,Cus022,Mark002,2018-12-10,1,3065,INR ,-0.2,-21.2,127.2
Prod018,Cus025,Mark002,2018-12-10,23,52481,INR ,-0.1,-10.6,116.6
Prod018,Cus022,Mark002,2018-12-10,13,28269,INR ,0.33,34.98,71.02
Prod018,Cus022,Mark002,2018-12-12,1,3065,INR ,0.38,40.28,65.72
Prod018,Cus016,Mark002,2018-12-13,9,19556,INR ,-0.09,-9.54,115.54
Prod018,Cus022,Mark002,2018-12-13,1,3065,INR ,-0.09,-9.54,115.54
Prod018,Cus025,Mark002,2018-12-13,8,17495,INR ,0.39,41.34,64.66
Prod018,Cus016,Mark002,2018-12-14,18,38407,INR ,0.37,39.22,66.78
Prod018,Cus022,Mark002,2018-12-14,4,9190,INR ,0.39,41.34,64.66
Prod018,Cus022,Mark002,2018-12-17,3,6125,INR ,0.39,41.34,64.66
Prod018,Cus025,Mark002,2018-12-17,8,17495,INR ,0.14,14.84,91.16
Prod018,Cus024,Mark002,2018-12-17,1,338,INR ,-0.35,-37.1,143.1
Prod018,Cus025,Mark002,2018-12-18,11,24491,INR ,0.21,22.26,83.74
Prod018,Cus022,Mark002,2018-12-20,3,6125,INR ,-0.03,-3.18,109.18
Prod018,Cus025,Mark002,2018-12-20,72,167935,INR ,-0.05,-5.3,111.3
Prod018,Cus016,Mark002,2018-12-21,108,226963,INR ,0.06,6.36,99.64
Prod018,Cus022,Mark002,2018-12-21,4,9190,INR ,-0.05,-5.3,111.3
Prod018,Cus022,Mark002,2018-12-21,67,141343,INR ,0.4,42.4,63.6
Prod018,Cus022,Mark002,2018-12-28,5,12250,INR ,-0.22,-23.32,129.32
Prod018,Cus025,Mark002,2019-01-04,27,62977,INR ,-0.09,-9.54,115.54
Prod018,Cus022,Mark002,2019-01-07,1,3065,INR ,-0.08,-8.48,114.48
Prod018,Cus024,Mark002,2019-01-07,1,338,INR ,0.01,1.06,104.94
Prod018,Cus022,Mark002,2019-01-07,27,56532,INR ,0.29,30.74,75.26
Prod018,Cus016,Mark002,2019-01-08,8,17458,INR ,0.08,8.48,97.52
Prod018,Cus022,Mark002,2019-01-08,12,27565,INR ,0.09,9.54,96.46
Prod018,Cus024,Mark002,2019-01-08,1,338,INR ,-0.32,-33.92,139.92
Prod018,Cus022,Mark002,2019-01-10,1,3065,INR ,0.22,23.32,82.68
Prod018,Cus016,Mark002,2019-01-11,18,38065,INR ,-0.18,-19.08,125.08
Prod018,Cus023,Mark002,2019-01-11,1,722,INR ,-0.16,-16.96,122.96
Prod018,Cus022,Mark002,2019-01-14,1,3065,INR ,0.24,25.44,80.56
Prod018,Cus024,Mark002,2019-01-14,1,338,INR ,0.04,4.24,101.76
Prod018,Cus022,Mark002,2019-01-15,13,28269,INR ,-0.35,-37.1,143.1
Prod018,Cus022,Mark002,2019-01-16,12,27565,INR ,0.2,21.2,84.8
Prod018,Cus022,Mark002,2019-01-17,13,28269,INR ,0.4,42.4,63.6
Prod018,Cus016,Mark002,2019-01-18,20,41898,INR ,-0.19,-20.14,126.14
Prod018,Cus022,Mark002,2019-01-18,12,27565,INR ,-0.14,-14.84,120.84
Prod018,Cus025,Mark002,2019-01-21,45,104958,INR ,-0.17,-18.02,124.02
Prod018,Cus023,Mark002,2019-01-21,1,722,INR ,0.23,24.38,81.62
Prod018,Cus022,Mark002,2019-01-24,13,28269,INR ,0.11,11.66,94.34
Prod018,Cus022,Mark002,2019-01-25,53,113074,INR ,0.22,23.32,82.68
Prod018,Cus016,Mark002,2019-01-28,55,115921,INR ,0.18,19.08,86.92
Prod018,Cus025,Mark002,2019-01-28,24,55977,INR ,-0.26,-27.56,133.56
Prod018,Cus025,Mark002,2019-01-30,45,104958,INR ,-0.27,-28.62,134.62
Prod018,Cus022,Mark002,2019-01-31,8,18375,INR ,0.01,1.06,104.94
Prod018,Cus025,Mark002,2019-01-31,18,41981,INR ,0.11,11.66,94.34
Prod018,Cus022,Mark002,2019-01-31,13,28269,INR ,-0.04,-4.24,110.24
Prod018,Cus023,Mark002,2019-01-31,1,722,INR ,-0.14,-14.84,120.84
Prod018,Cus016,Mark002,2019-02-01,15,31421,INR ,-0.2,-21.2,127.2
Prod018,Cus016,Mark002,2019-02-04,34,71231,INR ,0.06,6.36,99.64
Prod018,Cus023,Mark002,2019-02-05,1,722,INR ,-0.08,-8.48,114.48
Prod018,Cus022,Mark002,2019-02-07,11,24500,INR ,0,0,106
Prod018,Cus025,Mark002,2019-02-07,15,34986,INR ,0.03,3.18,102.82
Prod018,Cus022,Mark002,2019-02-07,13,28269,INR ,-0.26,-27.56,133.56
Prod018,Cus016,Mark002,2019-02-08,26,55167,INR ,0.34,36.04,69.96
Prod018,Cus022,Mark002,2019-02-08,13,28269,INR ,0.15,15.9,90.1
Prod018,Cus025,Mark002,2019-02-11,8,17495,INR ,0.36,38.16,67.84
Prod018,Cus022,Mark002,2019-02-12,5,12250,INR ,0.18,19.08,86.92
Prod018,Cus022,Mark002,2019-02-12,13,28269,INR ,0.4,42.4,63.6
Prod018,Cus022,Mark002,2019-02-13,12,27565,INR ,-0.24,-25.44,131.44
Prod018,Cus022,Mark002,2019-02-14,7,15315,INR ,-0.16,-16.96,122.96
Prod018,Cus025,Mark002,2019-02-14,6,13995,INR ,-0.08,-8.48,114.48
Prod018,Cus022,Mark002,2019-02-14,13,28269,INR ,0.39,41.34,64.66
Prod018,Cus016,Mark002,2019-02-15,62,129546,INR ,0.01,1.06,104.94
Prod018,Cus022,Mark002,2019-02-15,4,9190,INR ,-0.18,-19.08,125.08
Prod018,Cus022,Mark002,2019-02-15,13,28269,INR ,-0.19,-20.14,126.14
Prod018,Cus022,Mark002,2019-02-18,3,6125,INR ,-0.18,-19.08,125.08
Prod018,Cus025,Mark002,2019-02-18,8,17495,INR ,0,0,106
